sid,hcr_id,argmax,argmax_p
755252,20156,bad,0.993708015231292
755252,12361,bad,0.9911349714156854
755252,9527,bad,0.9905283155972244
755252,21182,bad,0.9901173692919895
755252,37364,bad,0.9877395370188718
755252,46434,bad,0.9872275496918457
755252,63313,bad,0.9869037861141627
755252,42224,bad,0.9864831538037506
755252,10718,bad,0.9860278688398972
755252,15549,bad,0.9855868771923587
755252,35875,bad,0.9830328393975389
755252,14280,bad,0.9822076216063707
755252,80345,bad,0.9768216373394594
755252,27752,bad,0.9743397040310248
755252,35107,bad,0.9738390866269762
755252,60008,bad,0.9733634545859994
755252,9703,bad,0.9702497942068218
755252,19369,bad,0.9641902954236101
755252,80899,bad,0.9560048169386148
755252,80733,bad,0.9468449126506332
755252,3433,bad,0.9408035686389007
755252,30668,bad,0.9246532212132695
755252,4846,bad,0.9241208797531926
755252,27239,bad,0.9210684116880511
755252,8298,bad,0.919755014671111
755252,5085,bad,0.9113479333538084
755252,58485,bad,0.9056251542073748
755252,2839,bad,0.9029268659289377
755252,10290,bad,0.8606093720988565
755252,14121,bad,0.8547912320494359
755252,6176,bad,0.8457977000520924
755252,6528,bad,0.8385818074230471
755252,77230,bad,0.8349228616432312
755252,2942,bad,0.8193421036775976
755252,73544,bad,0.7962678397872736
755252,5064,bad,0.7868780022853548
755252,46793,bad,0.7830590220698138
755252,68165,bad,0.757845616664691
755252,17393,bad,0.7532390943780024
755252,54320,bad,0.7507186344971624
755252,57901,bad,0.7155484230004082
755252,55844,bad,0.7107943095225636
755252,4989,bad,0.688167680524696
755252,20315,bad,0.6382194605181892
755252,49867,bad,0.6330441827350831
755252,16982,bad,0.5933504179398467
755252,29008,bad,0.5803254789908848
755252,33176,bad,0.5428948458484765
755252,11791,bad,0.5376600668446011
755252,7700,bad,0.5292265011546554
755252,9029,bad,0.5086107841416617
755252,10977,bad,0.5024046928280513
755252,76373,bad,0.47638393244101074
755252,17071,bad,0.45028202978058507
755252,52271,bad,0.3786596320226336
755252,42811,merged,0.9925942663641665
755252,12832,merged,0.9847633421087785
755252,56718,merged,0.9818751258424092
755252,56830,merged,0.9817851154544343
755252,16138,merged,0.9794437039645578
755252,41605,merged,0.9776116205365417
755252,62230,merged,0.9734207455303158
755252,8808,merged,0.9683764921381682
755252,56352,merged,0.966936023213076
755252,58026,merged,0.9665142017680334
755252,11473,merged,0.9653372603628206
755252,56548,merged,0.9161707742444056
755252,54188,merged,0.9133556985079352
755252,58391,merged,0.879585810470278
755252,70300,merged,0.8551893189136885
755252,16559,merged,0.8417276616553341
755252,50729,merged,0.83556864488743
755252,48086,merged,0.8132784994075002
755252,58473,merged,0.8094175293094013
755252,6567,merged,0.7854539246029614
755252,36032,merged,0.7803690350384389
755252,54431,merged,0.7240956042718522
755252,69090,merged,0.7203177629581893
755252,76203,merged,0.7077349565490927
755252,58252,merged,0.6891562170826454
755252,72371,merged,0.6775296757065089
755252,44499,merged,0.6773364821988491
755252,52896,merged,0.6572867473377486
755252,54364,merged,0.6374692756376849
755252,41624,merged,0.6302072119958934
755252,35440,merged,0.6250353828645208
755252,45180,merged,0.5896043954242205
755252,64777,merged,0.5814345953968528
755252,14559,merged,0.5813923171044606
755252,78190,merged,0.5633207538269827
755252,46399,merged,0.5443165445715478
755252,40875,merged,0.5369160314430277
755252,55476,merged,0.5197656866319973
755252,65910,merged,0.4865261282023159
755252,60758,merged,0.48550378811652145
755252,10589,merged,0.47712062200345606
755252,79042,merged,0.47547987623635635
755252,64173,merged,0.45460676835183844
755252,53469,merged,0.428276719666213
755252,5950,merged,0.3738931414698984
767018,42665,bad,0.8600952731309339
767018,8639,bad,0.8013524074782815
767018,69234,bad,0.7949204642183221
767018,38650,bad,0.793413016006535
767018,40857,bad,0.6217731671212822
767018,10807,bad,0.5763324245215995
767018,14809,bad,0.5696441389923893
767018,11987,bad,0.524834938126604
767018,11050,bad,0.5054905471704247
767018,54910,bad,0.4957879313261021
767018,32042,bad,0.4832071040093886
767018,51922,bad,0.33170319747171356
767018,31087,merged,0.9095261973332639
767018,84005,merged,0.8878024495761172
767018,16112,merged,0.8809635659263267
767018,42468,merged,0.7950453413681161
767018,9874,merged,0.7175904768425624
767018,78992,merged,0.548276725290962
767018,92917,merged,0.4889975543164127
767018,20973,merged,0.46420083248135646
767018,30175,merged,0.39145061071089055
767018,37283,merged,0.3638400358426974
767022,3688,bad,0.985667617950753
767022,55754,bad,0.9848717379526682
767022,1126,bad,0.9844007353539714
767022,50859,bad,0.9838327281889881
767022,2125,bad,0.982013407572398
767022,2623,bad,0.9811020399094844
767022,2507,bad,0.98085386856265
767022,51299,bad,0.9760523000491149
767022,2943,bad,0.9744270085925539
767022,26297,bad,0.9736764254535902
767022,2594,bad,0.972056408150976
767022,3499,bad,0.970241302053808
767022,53640,bad,0.9690892489839812
767022,2045,bad,0.9639581439581002
767022,3874,bad,0.9634846975329484
767022,2806,bad,0.9628755463667863
767022,2048,bad,0.9551316756175972
767022,60202,bad,0.9538295084754326
767022,1991,bad,0.9535306245392916
767022,3264,bad,0.9502473467328213
767022,3483,bad,0.9408197553744913
767022,2203,bad,0.9035075225697886
767022,40362,bad,0.9028807102193939
767022,3225,bad,0.8962683390491225
767022,1813,bad,0.8087458788809665
767022,41515,bad,0.7881724221612094
767022,10911,bad,0.7605071063558133
767022,12178,bad,0.7484749574974392
767022,29723,bad,0.7125963242901501
767022,2418,bad,0.6764182557341168
767022,3104,bad,0.6675651292105855
767022,21658,bad,0.6217115520476454
767022,3612,bad,0.549447031957947
767022,14061,bad,0.5473931206278326
767022,22588,bad,0.5383462581645242
767022,19321,bad,0.5204554370386903
767022,73861,bad,0.5034326692250888
767022,8718,bad,0.4834303961944973
767022,73649,bad,0.4765700348319977
767022,66864,bad,0.4376381700085392
767022,40003,merged,0.9810139221764467
767022,59708,merged,0.8777529061941785
767022,67778,merged,0.8668041767710627
767022,64413,merged,0.8535584938196653
767022,23904,merged,0.8222457082283324
767022,51088,merged,0.8112598571643013
767022,58316,merged,0.7908798911003427
767022,3529,merged,0.7152116548759725
767022,65275,merged,0.6936480189095837
767022,74253,merged,0.6737375140912848
767022,41890,merged,0.6542094536319234
767022,73375,merged,0.5910183939223982
767022,6683,merged,0.5850743481696876
767022,31448,merged,0.5799624655597522
767022,29309,merged,0.5499842771109751
767022,19652,merged,0.49686770398171226
767022,8023,merged,0.48233963468840435
767022,10358,merged,0.38243539324920084
767022,60587,merged,0.3777947475790735
767022,44401,merged,0.3725942719328926
782149,20059,bad,0.9648809777115346
782149,15450,bad,0.9328805863983156
782149,15579,bad,0.9327555493578146
782149,9205,bad,0.9308163692121889
782149,24971,bad,0.9308163692121889
782149,5001,bad,0.9169610372649241
782149,24367,bad,0.8900336620597081
782149,5459,bad,0.8825226113520837
782149,31244,bad,0.8555921383386611
782149,6711,bad,0.8129125832354535
782149,6595,bad,0.8055215219322387
782149,23801,bad,0.7746654419585512
782149,27812,bad,0.7692517062336083
782149,36439,bad,0.767355120933948
782149,3084,bad,0.7568007940471377
782149,8109,bad,0.7508748469208356
782149,24703,bad,0.7388451828565616
782149,36707,bad,0.7147488719009106
782149,36433,bad,0.7137835674197858
782149,33632,bad,0.6605734588148875
782149,9851,bad,0.6301655609216688
782149,7133,bad,0.577461942751307
782149,5099,bad,0.5567533142366993
782149,5022,bad,0.5370529695746175
782149,27012,bad,0.5238001017749321
782149,12536,bad,0.5195140741950456
782149,9526,bad,0.4892883800451136
782149,16570,bad,0.48516794224900955
782149,8615,bad,0.4727506853062182
782149,6551,bad,0.46415493794062557
782149,25781,bad,0.4561396819751037
782149,34409,bad,0.42660395155043035
782149,11900,bad,0.3681331736135769
782149,23665,merged,0.9664375013650055
782149,22911,merged,0.6913537645352783
782149,23864,merged,0.6616933515771463
782149,8454,merged,0.5205889950564244
782149,37926,merged,0.4861219308349133
788406,5682,bad,0.9757982345445115
788406,23869,bad,0.9749216355316963
788406,52649,bad,0.9717543813961582
788406,5196,bad,0.9695383623010116
788406,74367,bad,0.9358084561005855
788406,27827,bad,0.9335762560433056
788406,5331,bad,0.9047844389176114
788406,34783,bad,0.8626029907277463
788406,112541,bad,0.6889084404046953
788406,3837,bad,0.6570082167689516
788406,10686,bad,0.6351567593897167
788406,28673,bad,0.6173372060697079
788406,5626,bad,0.546639218752167
788406,4817,bad,0.47679446353259564
788406,8109,bad,0.37378854556971014
788406,76231,merged,0.9052550711907418
788406,28652,merged,0.8950999063102963
788406,15153,merged,0.8636697829330491
788406,24473,merged,0.7982498411861974
788406,23970,merged,0.7635734525894393
788406,63133,merged,0.719333887179375
788406,77352,merged,0.6727848954148617
788406,5819,merged,0.6533595791245498
788406,90317,merged,0.5659234850134184
788406,5884,merged,0.4121407143073628
790322,68051,bad,0.9565459437503704
790322,67127,bad,0.9491082194638768
790322,54860,bad,0.9398953159644802
790322,3434,bad,0.8590689930217676
790322,4414,bad,0.8579970086110223
790322,4903,bad,0.8142769845600148
790322,70249,bad,0.7849029155766502
790322,12467,bad,0.784499690301914
790322,58215,bad,0.7643339036613321
790322,28516,bad,0.7379896730619153
790322,1957,bad,0.7100326472369171
790322,756,bad,0.7000151366504423
790322,9023,bad,0.687946066629427
790322,17982,bad,0.6605027586807745
790322,4597,bad,0.6461903465612093
790322,43458,bad,0.6362893556354055
790322,6507,bad,0.6210320672457679
790322,13512,bad,0.5736168834835185
790322,6613,bad,0.5005590152802315
790322,6643,bad,0.48908358604650676
790322,40524,bad,0.4532745243374216
790322,21824,bad,0.4308233118540087
790322,104157,bad,0.4209673875078306
790322,70602,merged,0.9514517835877019
790322,78886,merged,0.9312687340166811
790322,75879,merged,0.9086849393691093
790322,14539,merged,0.8449695972405009
790322,14316,merged,0.8328717274939231
790322,68759,merged,0.7959977895737823
790322,76965,merged,0.7934684370773527
790322,82116,merged,0.7363953565705316
790322,101842,merged,0.643830783024496
790322,101919,merged,0.6125548338430271
790322,88121,merged,0.5894105187245899
790322,98111,merged,0.539612913151973
790322,95282,merged,0.521190092657472
790322,26557,merged,0.4967650804198372
790322,90283,merged,0.45163758463407927
790322,15875,merged,0.434557596532222
790322,21329,merged,0.388224581875368
