cz_id,hcr_id,confidence,residual_um,cos_sim,certified,cz_x_um,cz_y_um,cz_z_um,hcr_x_um,hcr_y_um,hcr_z_um
2,658,2.471347557611268e-07,81.8578211759766,0.016890211881096337,False,290.1825056947609,312.91878511769175,31.62060237914452,279.36336080097203,113.70578895758861,154.0
3,664,0.00011979646961626785,50.40831192050717,-0.1416922997190493,False,280.87711237553344,378.06866287339966,26.78022759601707,266.6204706591733,94.10134258559057,155.0
4,683,0.35396586569376526,0.00013889727850379234,-0.19625743881339633,True,326.23525357607286,132.08980494148244,26.711963589076724,259.758914428974,543.0431645043457,157.0
5,2291,0.0009540562804515392,40.28149584896586,-0.11468093728229573,False,190.7421601963815,187.58755341394672,58.03573052095645,539.122275229946,397.97026135156017,235.0
9,1846,5.749357855826987e-05,51.775283033515464,-0.4570972930000525,False,216.56678272980503,371.62926183844013,29.6866295264624,425.4164862723574,63.71445070899362,201.0
10,184,0.8558487157205164,,,,357.0409309791332,107.93672552166935,34.520064205457466,170.55868343638292,583.2322795669415,96.0
13,827,0.0006621420106868452,42.55842268593954,-0.027475055045276316,False,372.4706037735849,393.85584905660374,31.664150943396223,150.95423706438487,52.9320052043947,168.0
14,1555,0.6356310488884908,,,,356.53006281407033,14.744547738693466,34.03988693467337,200.94557531297988,862.5956403679136,189.0
15,582,6.05031710143247e-07,78.4702853546979,0.2557664173152493,False,331.7725063291139,65.93048734177215,34.9123417721519,324.4535874565675,641.0653963643358,139.0
17,1723,0.002043104491701186,37.47584962704973,0.07738949365399937,False,280.977783211084,236.44171149144256,35.483292583537086,315.63158658916836,317.5920312263682,194.0
19,2014,5.088088253854135e-06,65.39678184266633,-0.2472157467898492,False,259.9770646014356,41.01541745372119,36.80676237249717,363.6624802005636,677.3336221525321,211.0
22,760,0.004845272194683622,30.084531087427845,-0.41848408260353953,False,246.87317234367057,271.92913573970515,35.83706151499746,389.148260484161,240.15446805697596,165.0
23,265,0.6016867070560369,,,,360.7814841466157,312.26064313020015,37.06926017539914,65.67489534619342,147.03334778998527,114.0
38,115,0.7502961517520068,,,,392.11198708751795,59.31273314203731,40.68651362984218,69.59578462059304,561.6673885577437,85.0
48,597,3.9305706293549475e-05,55.110155665457455,-0.2720485292900216,False,264.1390337986775,333.1505510653931,45.0,345.03825614716544,112.72556663898871,144.0
49,874,0.5717971031483934,,,,2.473926868044515,366.7748489666137,39.569157392686805,1003.7476542462995,53.9122275229946,170.0
53,695,9.10868497810226e-08,86.58759970744495,-0.025529117129911225,False,135.35624871882473,322.8174034847967,43.28356679193714,534.2211636369465,208.78735386177908,159.0
54,2210,0.0021561901231723635,37.182658443549734,0.07188010280068226,False,219.16675492876675,32.09426680097856,49.87652899697798,460.70448974195386,729.285405038327,228.0
60,842,0.6087788298996069,,,,3.6469693654266964,383.4357111597374,43.27242888402626,1002.7674319276996,48.03089361139519,169.0
63,2082,0.0010704947347480794,41.442160741805836,0.25529865362086823,False,42.934411764705885,395.5267379679144,44.97192513368984,743.0085174987256,73.51667389499264,215.0
64,551,0.8210698709163268,,,,287.9589562982005,92.32994344473008,49.06786632390745,332.2953660053667,621.4609499923378,134.0
70,1886,0.39472332446561886,,,,307.20701470588244,395.1709411764706,55.098161764705885,297.98758485437014,48.03089361139519,203.0
71,2137,0.024902667141566238,25.23967075198059,0.1541920778032383,False,146.58578527063,99.03439219165926,53.88317065956817,616.5598383993382,611.6587268063388,220.0
74,715,0.7828208705029167,,,,344.1979185817465,314.64664806303347,58.85029546946816,164.6773495247835,205.8466869059794,162.0
76,2281,0.02735733683274331,26.327047089986998,0.5660174177816154,False,24.678170237405904,134.37528662420382,56.68017757189732,857.6945287749141,539.122275229946,234.0
77,2960,0.00016058572337090266,51.08110087484004,0.3180093783004373,False,239.48410203235173,188.57591870593114,58.09746992948984,428.3571532281571,420.5153746793579,263.0
78,2043,1.5577749110746463e-05,61.193416847894476,-0.01408169766943736,False,171.49542961608776,120.9052285191956,49.0018281535649,518.5376065393481,518.5376065393481,213.0
80,3806,1.0978836783157264e-07,86.36102245792935,0.12199385111763725,False,16.041912542047093,63.94594425756848,63.14848630466122,847.8923055889151,629.302728541137,300.0
82,658,0.68908441379393,,,,293.12479684234967,372.21447875551434,60.60784768980729,279.36336080097203,113.70578895758861,154.0
83,134,0.9426618401428197,,,,368.16278350515466,177.64407216494845,58.25198255352895,197.02468603858026,428.3571532281571,88.0
84,688,3.651079606314686e-05,58.58545466165971,0.36443923487195284,False,332.47809323405636,273.1563030106831,61.80317254775008,233.29291182677665,274.4622492079725,158.0
85,3128,0.3278319033513108,,,,116.3916891891892,393.0664864864865,58.23466735966736,679.2940667897319,56.852894478794305,272.0
89,683,0.7536993135671421,,,,285.33413261163736,141.00457916102843,59.6936400541272,259.758914428974,543.0431645043457,157.0
90,468,0.8889854442921633,,,,278.67606961566355,204.84794778825236,61.01982112642011,323.4733651379676,353.8602570145646,127.0
91,586,0.602451252737128,,,,329.6749092868691,186.65636788216275,66.79863481228669,234.27313414537653,470.5067129279529,140.0
93,1168,0.6799732577983427,,,,358.70149311531844,20.550348537005167,65.4827882960413,188.20268517118114,856.7143064563141,177.0
95,2313,0.007026972166219593,29.41223194279098,-0.26196289690785685,False,31.79587305601214,224.4692856239727,70.45113162220255,842.0109716773156,382.2867042539617,237.0
96,2354,0.5822188636546451,,,,48.50023404255319,5.344659574468086,59.27978723404255,745.9491844545253,919.448534846708,239.0
97,2257,0.37652371507324256,,,,97.68597348220518,5.771528262386601,64.09234705745523,738.1074059057261,925.3298687583074,231.0
99,1213,0.7623233816561926,,,,372.0831665524332,386.6916381082934,64.12245830477497,57.83311679739421,47.050671292795286,179.0
100,566,0.9141164912983744,,,,288.2675253961804,93.27449817147502,62.45550589191386,325.4338097751674,629.302728541137,135.0
102,1175,0.0007406488222819746,43.89535134588383,0.42468571068442634,False,193.310307473983,349.1564474929045,66.39995269631031,487.1704923441512,106.8442327273893,178.0
104,133,0.7289383458110555,,,,392.74780082987553,53.91102697095435,67.08713692946058,98.02223185999019,574.4102786995425,87.0
106,760,0.917121531736274,,,,254.3653245107701,277.11446431085454,74.5939743770238,389.148260484161,240.15446805697596,165.0
108,3596,0.6157644310740266,,,,22.78614446702383,24.887518935895066,72.49030112691668,880.2396421027119,835.1494154471163,292.0
111,2771,0.5646470905985811,,,,17.97686974789916,330.86269957983194,71.36992296918767,965.5189838209033,128.40912373658713,254.0
112,594,0.9019459776488113,,,,372.0775990354806,109.07008956252155,73.08680675163623,135.27067996678645,552.8453876903446,143.0
113,2958,0.536268880514494,,,,6.993498795180723,147.10160963855424,69.00795180722892,861.6154180493137,526.3793850881473,263.0
115,664,0.803578113957212,,,,277.1251533344151,379.43032289469414,74.04056466006814,266.6204706591733,94.10134258559057,155.0
119,3065,0.0004675930962839917,42.8872033797525,-0.2661189395413793,False,91.83331709693132,196.0381636629323,74.23745737944472,684.1951783827315,417.57470772355816,269.0
121,2351,0.004432979418731691,33.10357605289896,-0.02836821084760311,False,120.6210883992567,145.72872312184762,72.51446774621715,693.0171792501305,509.71560567194894,239.0
122,1003,0.8811977998684862,,,,306.7484684684684,173.59637837837838,72.24714714714715,279.36336080097203,447.9615996001551,173.0
124,2330,0.5747669564788492,,,,18.592176096417813,314.8348443254102,79.92082356879813,961.5980945465037,262.6995813847737,238.0
125,536,0.9365707828232521,,,,357.48,324.6625925925926,69.63817663817663,206.82690922457928,153.89490402018458,132.0
126,582,0.8319873240366127,,,,320.1410948440484,94.91994271164863,73.17886696371738,324.4535874565675,641.0653963643358,139.0
130,597,0.8051729042985201,,,,248.59209375,377.2738125,76.001171875,345.03825614716544,112.72556663898871,144.0
131,1981,0.5754953362498151,,,,372.39695898849084,57.083002107310755,82.32614686334901,165.6575718433834,717.5227372151281,209.0
132,560,0.44942302747260304,,,,369.67046910755147,179.14386727688787,71.8129290617849,64.69467302759352,489.130936981351,135.0
133,3138,1.8534224029817662e-05,57.1334763809948,-0.48343606034356096,False,84.90138717030284,334.4333181374145,78.78476066427874,711.6414033035287,100.96289881578988,273.0
135,2843,0.018024287767704747,25.469226436939284,-0.12666549915184463,False,130.54569680749378,217.25482699292678,81.08889313706749,660.6698427363339,357.7811462889642,258.0
136,1723,0.5009806152210371,,,,319.5245662100457,241.39617742987605,82.56555772994129,315.63158658916836,317.5920312263682,194.0
141,688,0.8985133139793998,,,,336.2951565377532,252.9285267034991,83.9963167587477,233.29291182677665,274.4622492079725,158.0
142,1965,0.007159256120440623,32.29314518036324,0.334363340157485,False,247.62111111111113,267.0676666666667,73.52777777777777,405.81203990035937,286.22491703117134,208.0
146,586,0.8831731948610536,,,,341.1056170212766,184.60563249516443,81.26692456479691,234.27313414537653,470.5067129279529,140.0
147,3957,1.8225125261211733e-07,83.45993943236645,0.03651255313904311,False,99.03767441860467,5.555581395348837,77.33944543828265,632.2433954969367,796.9207450217202,305.0
149,827,0.6859152032027839,,,,372.70129619710764,386.90130690948047,76.52008569898233,150.95423706438487,52.9320052043947,168.0
150,2416,0.8016649494385083,,,,350.0472384542884,184.00868991517436,90.20584354382656,137.23112460398625,435.2187094583564,243.0
151,2082,0.5904546059040124,,,,77.61200000000002,310.9363478260869,82.20958751393535,743.0085174987256,73.51667389499264,215.0
153,2271,0.010458679954832864,25.523019138349294,-0.48793493166314983,False,168.4296450617284,269.68520061728395,82.89866255144032,569.5091671065429,253.87758051737458,233.0
154,1769,0.6347269691313141,,,,359.0164757709251,21.803675267463817,79.06922592825677,176.44001734798232,780.2569656055218,196.0
155,2191,0.7931534339966307,,,,391.19796916890084,59.20602546916891,86.60321715817695,64.69467302759352,699.8787354803299,227.0
156,3190,0.7065074867485583,,,,32.45991189427313,145.05976505139503,87.79368575624082,857.6945287749141,524.4189404509475,275.0
157,2281,0.8011992964729688,,,,7.581124540199683,147.34622175512348,83.50183920126116,857.6945287749141,539.122275229946,234.0
158,1769,0.9058388395138309,,,,342.09724137931033,3.144359141184125,82.61483409238777,176.44001734798232,780.2569656055218,196.0
160,1923,0.8546024160328441,,,,134.09560492344642,377.1137256079256,94.31176823776644,589.113613478541,21.56489100919784,205.0
164,695,0.859348834150486,,,,175.11183916604614,315.27700670141473,84.80739637627202,534.2211636369465,208.78735386177908,159.0
165,1175,0.8869570381551938,,,,185.62002604166668,356.39804687500003,87.09548611111111,487.1704923441512,106.8442327273893,178.0
168,3523,0.0066820164906043365,30.782400035175538,-0.07864569384636384,False,119.59304347826087,264.3577173913044,85.77048494983278,644.0060633201355,277.4029161637722,288.0
170,1684,0.8990706224453334,,,,354.3012249897918,335.2923478971009,86.62147815434871,178.40046198518215,111.74534432038881,193.0
171,1846,0.8234779597716095,,,,245.02219853431046,354.1489273817455,98.41194759049525,425.4164862723574,63.71445070899362,201.0
172,3090,0.8023119158834526,,,,254.05691440287032,5.521768323936443,92.43259866735008,381.30648193536183,806.7229682077192,270.0
173,2137,0.854076914253552,,,,123.67200000000001,110.63858823529411,90.45128205128204,616.5598383993382,611.6587268063388,220.0
174,1061,0.879647953758302,,,,223.9939249771272,263.4194876486734,91.29246721561452,442.0802656885557,267.6006929777732,175.0
175,2714,0.7963356392156778,,,,205.7122196620584,362.425222734255,100.52176139272912,453.84293351175455,37.24844810679627,253.0
176,2014,0.814234352742762,,,,232.94806031528444,68.90588074023304,90.84829792095044,363.6624802005636,677.3336221525321,211.0
177,2048,0.9111604669621103,,,,380.69539079946406,114.78889682894149,91.2706565430996,121.54756750638782,593.0345027529406,213.0
180,3595,0.7138947817903799,,,,3.7229102167182666,231.13315789473688,96.4453044375645,934.1518696257065,330.33492136816693,292.0
181,2443,0.0003936670530193327,45.291915624525835,0.003815987130168424,False,139.62096974720265,232.44840447575635,89.97430584334853,610.6785044877388,297.00736253577026,244.0
184,1922,0.8727478151003607,,,,374.79384026258214,259.1754814004376,94.8304157549234,154.8751263387845,288.1853616683711,205.0
185,4231,0.5510556477958004,,,,90.855,12.993333333333334,87.77350427350427,636.1642847713363,799.8614119775199,313.0
186,2210,0.9461691035531219,,,,224.3626430517711,30.473892565200465,101.43849746983264,460.70448974195386,729.285405038327,228.0
187,3203,6.3653226405455365e-06,64.8952806317502,-0.1489852295835196,False,265.53216730038025,119.73519011406844,90.20912547528518,325.4338097751674,526.3793850881473,276.0
188,1954,0.7365795565517894,,,,334.787537993921,306.2151975683891,98.0901722391084,253.87758051737458,113.70578895758861,207.0
189,3934,0.00219078323340078,38.07319690986218,0.30287663406533194,False,60.31298684210526,61.28028947368421,91.01184210526316,769.474520100923,662.6302873735336,305.0
190,2282,0.6484572105182408,,,,270.8980769230769,3.9796153846153848,95.51577909270218,451.8824888745547,847.8923055889151,234.0
191,2164,0.9232553052823455,,,,335.4248578811369,7.681533161068045,95.94229112833764,233.29291182677665,789.078966472921,223.0
192,2269,0.7745658060755535,,,,268.3718207458477,187.03133813851457,98.51833281103104,363.6624802005636,365.6229248377634,233.0
195,3018,0.8554761011547901,,,,21.584563905650025,15.537531541415246,95.996708721887,825.3471922611174,803.7823012519195,266.0
199,3477,0.00010404464952743975,51.43455711901194,-0.08286143618636845,False,124.03979435572084,132.97762852767445,107.21811419820608,651.8478418689347,474.4276022023525,285.0
200,2271,0.8873966465150052,,,,169.55683608640408,270.72541296060996,97.7087039390089,569.5091671065429,253.87758051737458,233.0
201,827,0.9573640584901919,,,,388.24271290158083,386.53753187149414,97.27893931667516,150.95423706438487,52.9320052043947,168.0
202,3672,0.6778487401517395,,,,77.71163265306123,313.19326530612244,95.62951334379906,734.1865166313265,136.25090228538636,295.0
203,3934,0.6880121289498392,,,,45.44561604584528,83.37954154727792,98.73495702005732,769.474520100923,662.6302873735336,305.0
207,3225,0.5772770532513035,,,,296.2451196172249,117.34832535885168,106.9093567251462,297.00736253577026,580.2916126111419,277.0
209,2124,0.8182552864595478,,,,36.1954933519944,294.49448565430373,100.32750174947516,837.1098600843162,190.16312980838094,219.0
210,4688,0.7030566917312064,,,,7.262886972310485,17.49635950975942,106.03086699954608,905.7254223863093,816.5251913937183,328.0
212,4468,0.6701549792330762,,,,6.081471978392978,328.908251181634,102.97366644159352,924.3496464397074,115.66623359478842,321.0
213,2725,0.7277543534249924,,,,180.93611185086553,394.1960053262317,102.75233022636483,453.84293351175455,33.32755883239666,253.0
214,3920,0.8041156776925493,,,,183.5419497784343,45.97737075332349,111.71319547021172,559.706943920544,724.3842934453274,304.0
215,2313,0.8857665154107622,,,,5.371805205709488,203.50315701091523,112.23733557234816,842.0109716773156,382.2867042539617,237.0
216,1979,0.9572829283909328,,,,322.2976794258374,54.415263157894735,108.37719298245614,273.4820268893726,667.5313989665332,209.0
218,2276,0.7841424613811893,,,,311.24539778449144,88.9197381671702,110.82510909701242,212.7082431361787,578.3311679739421,233.0
219,2443,0.8736130575207026,,,,152.3276743452193,245.21093089302622,106.68412748501105,610.6785044877388,297.00736253577026,244.0
220,1714,0.8791685486263161,,,,375.7093213828425,288.5222996158771,111.748271446863,165.6575718433834,208.78735386177908,194.0
221,3412,9.430795134649347e-06,60.50229037101912,-0.4809015412547173,False,225.12387209302327,52.87311627906976,107.1436046511628,505.79471639754934,648.907174913135,282.0
222,5053,0.000739973463812199,42.803502122389446,0.1419301442420401,False,371.09515918958033,67.327489146165,112.24602026049205,156.8355709759843,677.3336221525321,338.0
223,3122,0.9124419537572264,,,,317.6359583232372,137.3425587593894,119.56845165980133,241.13469037557584,544.0233868229456,272.0
224,2960,0.6522830017614297,,,,241.4012359550562,235.0905520273571,114.32877381533952,428.3571532281571,420.5153746793579,263.0
225,5282,0.6093224246129668,,,,375.6250672371638,304.41025672371643,118.72279951100244,179.38068430378203,159.776237931784,342.0
226,3065,0.8650817205204834,,,,80.23027148306036,197.71083688579765,120.9598384563608,684.1951783827315,417.57470772355816,269.0
227,5835,0.7201751426748855,,,,275.34366141732283,289.4905511811024,132.96608116293154,277.4029161637722,193.10379676418066,354.0
228,3957,0.7798915053943449,,,,122.74783375314863,31.03889168765743,113.35768261964736,632.2433954969367,796.9207450217202,305.0
229,1965,0.8312780502900593,,,,231.7243298969072,272.36403274711944,115.39781685870224,405.81203990035937,286.22491703117134,208.0
230,3138,0.829083849878278,,,,112.0961948070999,350.64587061757373,124.38609358955551,711.6414033035287,100.96289881578988,273.0
231,4773,0.8745466682841468,,,,394.2337950360288,21.57864691753403,121.05804643714971,74.49689621359254,747.9096290917252,330.0
232,2755,0.9137500997800345,,,,268.6965074135091,187.45571663920924,110.29159802306424,341.11736687276584,424.4362639537575,254.0
234,3559,0.8319959287441099,,,,46.11469387755102,348.4265306122449,118.5952380952381,808.683412844919,67.63533998339322,290.0
235,1981,0.8971264195174434,,,,388.50707547169816,46.912924528301886,120.98911465892598,165.6575718433834,717.5227372151281,209.0
236,4147,0.9019075637760561,,,,63.56744161637365,57.51614799265285,124.63552873261612,766.5338531451232,684.1951783827315,311.0
237,2581,0.8770686926860217,,,,370.1279084206442,136.70400465657744,134.93519596429957,191.14335212698086,554.8058323275444,249.0
238,1922,0.6983603653036374,,,,355.99888314374357,253.62260599793177,118.99172699069288,154.8751263387845,288.1853616683711,205.0
239,4144,0.7928623336688914,,,,107.98789585097374,31.884563928873835,124.5370448772227,687.1358453385312,693.9974015687305,311.0
241,5835,0.00021248606945575642,48.78494640531357,0.09685314582404789,False,317.80755942947707,287.7724088748019,126.16957210776545,277.4029161637722,193.10379676418066,354.0
242,3624,0.8527294324250424,,,,122.15415115005477,295.94236582694407,116.47426067907996,662.6302873735336,202.90601995017968,293.0
243,3227,0.9193290233480287,,,,193.176425,12.290525,118.76166666666668,512.6562726277486,790.0591887915209,277.0
245,4358,0.7610099345189443,,,,132.48110854503466,205.20536456614977,120.3325635103926,619.500505355138,434.2384871397565,318.0
246,2843,0.8672541786802852,,,,110.41174975173784,206.91827606752733,126.62879841112216,660.6698427363339,357.7811462889642,258.0
247,4241,0.8313412795246145,,,,351.34986060721786,75.84379224746993,125.61962955890776,208.78735386177908,693.0171792501305,314.0
248,2351,0.8813107366543868,,,,91.48113162596785,132.98465753424657,119.12983918999404,693.0171792501305,509.71560567194894,239.0
249,5284,0.8179081787053311,,,,393.42645354048403,283.7925246489393,127.78219300866448,68.61556230199312,221.53024400357782,342.0
250,4344,0.7447187647389228,,,,89.75047254150704,307.97830140485314,133.80374627501064,671.4522882409327,213.6884654547786,318.0
251,3112,0.5943684417435565,,,,239.15114213778898,340.3204806591898,125.31425955596248,381.30648193536183,49.01111592999509,271.0
252,3262,0.9149551429683674,,,,101.21211997019374,73.29224664679583,125.8386736214605,693.9974015687305,644.0060633201355,278.0
253,2043,0.5728059666885651,,,,154.47420899530096,156.96081897516225,132.348623853211,518.5376065393481,518.5376065393481,213.0
254,4358,0.6528207431040053,,,,132.80833766233766,173.49664935064934,128.72510822510822,619.500505355138,434.2384871397565,318.0
256,5030,0.0015147204830774058,38.091134828995784,-0.09592406749184229,False,219.20543025120256,293.9737039016569,124.09433458043829,454.82315583035444,250.93691356157487,337.0
257,3259,0.971926911307208,,,,285.7607630878438,97.97086069210295,127.34545992309968,319.552475863568,580.2916126111419,278.0
259,3818,0.8556434319845121,,,,274.36787456445995,210.40860627177702,139.28584829804342,375.4251480237624,416.5944854049583,301.0
262,5386,0.7056666070739454,,,,5.287676716493539,43.91575880415506,131.71776032429693,956.6969829535042,661.6500650549337,344.0
263,3065,0.6895625211829,,,,107.64238949671774,197.44070021881836,126.9492341356674,684.1951783827315,417.57470772355816,269.0
264,2820,0.8732019522544756,,,,342.00037209302326,315.2082790697674,126.22325581395349,256.81824747317427,176.44001734798232,257.0
265,3878,0.6654012624796108,,,,380.4376592664093,356.27742277992274,130.59000965250965,99.00245417859009,38.228670425396174,303.0
266,3143,0.9021922874009182,,,,375.33353105466153,17.81935363745179,141.834020481447,148.99379242718507,709.6809586663289,273.0
267,1723,0.7558576354217701,,,,302.24734693877554,255.62979591836734,125.82679225536369,315.63158658916836,317.5920312263682,194.0
268,3523,0.8681936283523882,,,,138.43416473317865,258.7443387470998,132.44663573085847,644.0060633201355,277.4029161637722,288.0
269,4149,0.8345039704963019,,,,18.774410112359554,378.10353932584275,127.2439138576779,894.9429768817104,87.23978635539126,311.0
271,5988,6.303847969918687e-05,53.47443324555862,-0.16100619681460474,False,132.55856076759062,77.06172707889127,140.7599502487562,581.2718349297418,604.7971705761395,358.0
272,3649,0.7152291260744073,,,,61.74191829484903,285.1583602879312,139.2528746377489,825.3471922611174,260.73913674757387,295.0
273,2747,0.817969410418503,,,,231.96984239305243,145.87480218719844,126.66806046960436,486.1902700255513,501.87382712314974,254.0
276,6226,0.8133834086334871,,,,117.39030620256479,23.433274012038737,130.42501962836954,652.8280641875347,763.5931861893235,364.0
277,2738,0.8912935034227913,,,,305.36100000000005,60.72240000000001,129.74461538461537,324.4535874565675,648.907174913135,253.0
279,3027,0.8699535215187985,,,,303.07941958351796,215.7999424014178,136.96521931767833,333.27558832396664,383.2669265725616,267.0
280,4718,0.8943697631807793,,,,233.61933079056865,294.7127496532594,144.29351595006935,415.6142630863584,245.05557964997547,328.0
281,3922,0.8030750458796089,,,,154.1387237977805,318.3926818742293,132.7416769420469,521.4782734951477,168.59823879918312,304.0
282,2807,0.9234794886437452,,,,384.70156701030925,373.62507216494845,141.34290245836638,164.6773495247835,47.050671292795286,256.0
283,4458,0.8801296637226531,,,,77.43080318379161,385.47125904486256,133.14037626628075,739.087628224326,23.525335646397643,321.0
285,6061,0.7823855644968539,,,,238.51698318945935,26.55047705588369,130.44979554747843,374.4449257051625,778.296520968322,360.0
286,3225,0.949005968056099,,,,306.8039755351682,102.2066360856269,140.782874617737,297.00736253577026,580.2916126111419,277.0
287,3203,0.9279180579851263,,,,268.49615208428764,136.7054512139258,128.9454878607421,325.4338097751674,526.3793850881473,276.0
288,5626,0.6750388421874365,,,,215.9470206921809,238.5875883537814,136.46310199597144,456.78360046755427,247.99624660577516,350.0
289,2773,0.7860056110375656,,,,307.1425287356322,130.00252873563218,131.69997052755673,266.6204706591733,474.4276022023525,255.0
290,5834,0.00040177911442023696,46.19028225817498,0.22821722636139935,False,243.17606557377053,234.20704918032789,129.11034047919293,403.85159526315954,372.4844810679627,354.0
291,2291,0.7439804501045664,,,,182.64823081110507,179.64160043549265,132.15459989112685,539.122275229946,397.97026135156017,235.0
292,4297,0.9103554658446508,,,,36.96071856287426,311.4639520958084,133.3965914325196,818.485636030918,163.6971272061836,316.0
293,4565,0.8640780428531335,,,,248.6204833836858,75.11054380664652,133.75730110775427,411.6933738119588,627.3422839039372,324.0
294,6648,0.6269932286329939,,,,228.90033802816907,97.95921126760564,136.8780684104628,357.7811462889642,649.8873972317349,375.0
295,8190,3.229790615607741e-05,55.848615152377796,-0.3056085504434879,False,81.74194895591647,140.27311678267597,142.48569218870844,713.6018479407286,520.4980511765478,411.0
296,4401,0.872414544690738,,,,146.7713202437373,386.3233852403521,142.55201986007674,620.4807276737379,14.703334778998528,320.0
297,3135,0.9443866230295316,,,,327.9371958762887,2.1250309278350517,137.06872852233678,244.07535733137556,774.3756316939224,272.0
298,4823,0.8489095569182579,,,,193.92825082508253,12.230297029702971,129.37403740374037,464.62537901635346,805.7427458891193,332.0
302,3477,0.8456386156531461,,,,112.24433474377058,160.8937940761636,147.85582197147784,651.8478418689347,474.4276022023525,285.0
304,4392,0.8648151282435618,,,,122.10492807424595,230.37689095127612,136.62993039443157,674.3929551967325,339.156922235566,319.0
305,3934,0.4933280084898012,,,,59.20591171712503,95.1737000231107,137.74277790617057,769.474520100923,662.6302873735336,305.0
306,5804,0.8553644704405633,,,,273.136694214876,124.9510743801653,145.3006993006993,333.27558832396664,511.67605030914876,353.0
307,4404,0.8575736522627192,,,,77.97889633002946,213.73044736137155,142.44575408518617,756.7316299591242,384.24714889116154,320.0
308,6128,0.8860837371719753,,,,268.52307781649245,308.7984668989547,147.15001935733642,333.27558832396664,174.47957271078252,361.0
309,5384,0.9439868114418947,,,,274.45733063328424,46.12180780559647,147.56314432989691,336.2162552797663,717.5227372151281,344.0
310,3412,0.7899416500955622,,,,172.21488435006086,64.8991018531043,152.0413905045313,505.79471639754934,648.907174913135,282.0
311,3806,0.9109446578249711,,,,12.132404287901993,87.6741500765697,136.16692189892802,847.8923055889151,629.302728541137,300.0
312,6372,0.7759212011618506,,,,42.204257347100885,142.80814932486098,135.33915806195392,829.2680815355169,509.71560567194894,369.0
313,5804,0.017540105870060947,27.067487497651367,0.1603932091494784,False,288.46778221415605,155.57022141560796,139.1524500907441,333.27558832396664,511.67605030914876,353.0
315,6918,0.9755439615658448,,,,344.6087605633803,193.21720563380282,169.01089201877934,196.04446371998037,401.89115062595977,381.0
316,3442,0.8262058057037072,,,,3.972549397590362,216.6806168674699,138.88578313253012,824.3669699425175,391.10870512136086,283.0
317,3852,0.8566461877189159,,,,131.13675409836065,327.6581803278688,144.44508196721313,632.2433954969367,122.52778982498774,302.0
319,5564,0.8910630201862596,,,,35.636726267281105,270.726138248848,153.62506912442396,791.0394111101208,260.73913674757387,348.0
320,5549,0.8632672796547607,,,,391.8403269916766,312.904744351962,152.88882282996434,98.02223185999019,231.33246718957685,348.0
321,5724,0.6809342192391886,,,,224.199471917655,319.5898590288656,166.59151935556054,443.06048800715564,243.09513501277564,351.0
322,5696,0.9231537390027805,,,,299.47344761904765,364.32859047619047,146.66698412698412,273.4820268893726,73.51667389499264,351.0
323,5030,0.8778365860023997,,,,194.57831932773112,279.0402400960384,150.28311324529813,454.82315583035444,250.93691356157487,337.0
324,7788,3.274750378717152e-08,91.81129756820444,0.006465843988447666,False,17.244959443800695,23.366106604866744,143.8957126303592,909.6463116607089,723.4040711267276,400.0
325,8032,0.6343543254135964,,,,60.1186213499282,148.210828147439,144.0832934418382,821.4263029867177,508.73538335334905,407.0
326,7541,0.8593723434406123,,,,288.2771346469622,286.2643760262726,160.53913519430762,326.41403209376733,213.6884654547786,395.0
328,6828,0.00035720475369531115,46.82643872167955,0.24160878497819896,False,226.26324775353018,150.47792041078304,149.0385109114249,415.6142630863584,460.70448974195386,379.0
329,5468,0.9222344182000012,,,,187.2599408866995,308.57914285714287,147.8926108374384,503.83427176034957,191.14335212698086,346.0
330,5627,0.7232870505067904,,,,54.159845397048485,157.209191848208,142.64441321152495,840.0505270401159,469.526490609353,350.0
331,11482,0.6691951702084129,,,,322.643437671609,58.664766611751794,167.91414973457807,252.89735819877467,713.6018479407286,493.0
332,9711,0.7428409409831539,,,,265.6555937667921,267.470284793122,177.13890381515316,359.74159092616395,303.86891876596957,451.0
333,4669,0.8294861199537712,,,,9.903997815401421,90.11811578372475,152.25669033315128,869.4571965981129,650.8676195503348,327.0
334,6387,0.9301905458695829,,,,335.72840738891665,350.3718721917125,163.92494591446163,237.21380110117624,83.31889708099166,369.0
335,9247,0.9122987468395947,,,,42.579429338704266,352.75620006713666,180.46559248069823,804.7625235705194,96.06178722279039,438.0
336,4823,0.5387168030166118,,,,213.16349428208392,18.472223634053368,146.8894536213469,464.62537901635346,805.7427458891193,332.0
337,5834,0.9536359153115469,,,,233.3488230452675,214.99196707818928,153.1338820301783,403.85159526315954,372.4844810679627,354.0
338,6273,0.8672131526641826,,,,191.55809291869613,292.7098313975272,151.98239040839266,523.4387181323476,203.88624226877957,366.0
339,6692,0.7946872231080034,,,,195.26025974025978,360.20103896103893,146.1958041958042,481.2891584325518,62.73422839039372,376.0
340,4357,0.8092628293307742,,,,54.98228502220429,365.93336293903917,158.59729511505853,737.1271835871262,102.9233434529897,318.0
341,6158,0.799562711838103,,,,80.80879162702189,17.978591817316843,151.197589597209,660.6698427363339,806.7229682077192,363.0
342,3529,0.8158113958748572,,,,308.9090946083418,15.011495422177006,156.21261444557476,274.4622492079725,704.7798470733294,288.0
343,2974,0.7510539806337229,,,,334.8497033898305,244.7487966101695,157.4989406779661,237.21380110117624,317.5920312263682,264.0
345,5763,0.9214021432328854,,,,348.8979331003495,254.99068397403894,149.97953070394408,205.8466869059794,272.5018045707727,352.0
346,7406,4.416854005756596e-05,57.60074143222421,0.3528697996549755,False,244.0389836065574,38.80947540983607,149.27131147540985,443.06048800715564,659.689620417734,391.0
348,7643,0.5187877641981323,,,,328.32193721973096,3.296286995515695,152.9372197309417,185.26201821538146,856.7143064563141,397.0
349,7574,0.9557797167222734,,,,140.10462686567163,166.97738805970152,179.6681017986988,601.8565036203397,471.4869352465528,395.0
352,6744,0.9527546242427953,,,,244.4802824427481,353.8865954198473,169.21812977099236,404.8318175817595,109.78489968318901,377.0
354,6452,0.853942235215672,,,,11.24742301458671,138.16208265802268,155.40113452188007,870.4374189167128,490.11115929995094,371.0
355,4901,0.8497966868956681,,,,276.4863529411765,361.4894117647059,156.02171945701355,400.9109283073598,69.59578462059304,334.0
357,8810,0.8706438188122108,,,,10.540107655502393,130.47754784688996,169.34310207336523,870.4374189167128,536.1816082741464,426.0
358,5165,0.9377341085457729,,,,143.52,152.30449438202248,155.21441947565543,602.8367259389396,489.130936981351,340.0
359,5637,0.8834816582592784,,,,218.0095340501792,233.0168458781362,155.41457586618876,459.724267423354,371.5042587493628,350.0
361,9469,0.7377689268800384,,,,202.2189014186977,40.285623863222995,159.1473263004729,467.5660459721532,702.8194024361296,445.0
362,6469,0.9573173472209214,,,,363.29755827736074,118.93566969577243,170.98241801659424,151.93445938298478,539.122275229946,371.0
364,8184,0.6827953713741818,,,,371.8985082508251,235.37980198019798,167.56237623762377,197.02468603858026,252.89735819877467,411.0
365,9500,0.840424623876327,,,,341.97123041474657,9.151790322580645,175.30967741935484,185.26201821538146,794.9603003845203,446.0
366,7480,0.7626763283190681,,,,35.329484676503974,174.26510329171398,170.08286038592507,822.4065253053176,506.7749387161492,393.0
367,9891,0.6624937932785095,,,,291.5419079923681,235.3112995548018,169.99533601865593,341.11736687276584,320.5326981821679,455.0
368,8576,0.009447912067260169,29.759537060947594,0.06305647993558666,False,168.19002442598926,368.22420615534935,167.33561309233025,562.6476108763436,66.65511766479332,420.0
370,7072,0.8315356537207562,,,,342.93189373147436,22.581466681304207,187.2162696234493,262.6995813847737,766.5338531451232,384.0
371,7076,0.8679847337123451,,,,237.88441917639827,254.94278426551938,164.53779963122312,425.4164862723574,249.95669124297496,384.0
372,8693,0.843533381770666,,,,114.75874923733984,277.89689139719343,176.2963697376449,693.0171792501305,267.6006929777732,422.0
373,9541,0.8745452853847276,,,,59.13845153374233,14.771668711656442,182.35276073619636,745.9491844545253,752.8107406847246,447.0
374,7769,0.4782008954888361,,,,332.9325834270716,173.56291713535808,179.19097612798402,132.33001301098676,484.2298253883515,400.0
375,8246,0.16082616088676102,14.84177241561286,0.19454191350900946,True,279.7775675675676,220.00335543090262,168.33911269760327,346.99870078436527,345.03825614716544,412.0
376,5891,0.8423968689313284,,,,57.09258010118044,296.5223271500843,162.29679595278247,755.7514076405243,237.21380110117624,355.0
377,6873,0.9039096179963155,,,,12.447603833865815,108.57741214057509,163.56815761448348,862.5956403679136,564.6080555135435,380.0
378,7881,0.9102151783813485,,,,6.841255150554676,102.41956259904913,171.3568938193344,877.2989751469121,590.0938357971409,403.0
380,9671,0.5844759859899996,,,,264.27338219443845,149.68080620823451,180.02457426169434,427.3769309095572,464.62537901635346,450.0
381,7637,0.8852601437401022,,,,235.9712041884817,211.55225130890054,180.73781715666533,423.4560416351576,339.156922235566,397.0
382,9660,0.6474373221965882,,,,85.52436402341672,63.062107503991484,166.10803618946247,735.1667389499264,615.5796160807383,450.0
384,9100,0.704888418839669,,,,110.76128219178084,292.0909808219178,181.25150684931504,621.4609499923378,256.81824747317427,434.0
385,8710,0.925567205800249,,,,308.7329962390305,44.13893857083159,177.99582114500626,261.7193590661738,679.2940667897319,423.0
386,5988,0.8885299325890312,,,,140.46249122807018,102.7330701754386,173.40029239766082,581.2718349297418,604.7971705761395,358.0
387,7737,0.9115595871000376,,,,153.9908910891089,257.2021782178218,167.6016755521706,594.9949473901404,286.22491703117134,399.0
388,10038,0.689324116359923,,,,273.0546048537648,49.93237710018668,174.01929060360922,396.00981671436034,729.285405038327,459.0
389,7978,0.8962946823445461,,,,68.59374663072776,104.3332345013477,169.24303683737645,751.8305183661247,574.4102786995425,406.0
391,5189,0.8515307659395868,,,,372.35750721292567,341.58568955568376,184.0630890555876,163.6971272061836,147.03334778998527,340.0
392,7827,0.8585650374907874,,,,105.31171378091872,97.15978356890461,176.64973498233215,700.8589577989299,624.4016169481374,401.0
393,8797,0.7301090469971453,,,,62.28460674157303,208.63539325842697,175.78776529338327,764.5734085079234,448.941821918755,425.0
394,6828,0.9531369191044559,,,,245.48982490272374,158.43655155642023,180.21425097276264,415.6142630863584,460.70448974195386,379.0
395,7979,0.643984823873277,,,,335.63782849503446,222.8111860198625,189.44117647058823,198.00490835718017,357.7811462889642,406.0
396,6284,0.8063331569112204,,,,191.30088809946716,25.267566607460036,168.19893428063943,564.6080555135435,713.6018479407286,366.0
398,5767,0.871496606787378,,,,152.71223946784923,10.697544345898004,174.81125277161863,565.5882778321434,774.3756316939224,352.0
399,10223,0.8342115640968887,,,,8.337367896311067,236.01804586241278,178.66350947158526,858.674751093514,309.750252677569,463.0
400,8666,0.8781359837266542,,,,378.0992285894207,367.34979219143577,199.37688916876576,130.36956837378693,42.14955969979578,422.0
401,7979,0.8623843752033534,,,,338.93873834339,248.4390565002743,182.9963430243189,198.00490835718017,357.7811462889642,406.0
402,8913,0.892154511966728,,,,268.70709049626987,40.41250081089848,178.9620499513461,358.76136860756407,745.9491844545253,429.0
403,11772,0.5254653629408002,,,,83.06276149176061,46.59908065915005,185.15698178664357,676.3533998339323,641.0653963643358,499.0
404,10050,0.8958988657996758,,,,359.6444107213244,50.664182104848244,183.15766653527788,165.6575718433834,683.2149560641316,459.0
405,7406,0.8250729037684086,,,,196.97617218543047,72.7517880794702,185.5456953642384,443.06048800715564,659.689620417734,391.0
406,7502,0.9301012720292996,,,,170.1115847542628,335.5153961885657,179.18405215646942,566.5685001507433,138.21134692258616,394.0
407,7788,0.7771635826345018,,,,9.903643399315374,26.390212829290075,191.6195862479536,909.6463116607089,723.4040711267276,400.0
408,6780,0.8433044350890445,,,,65.2129226145755,255.3907137490609,187.1114450288004,726.3447380825272,275.44247152657243,378.0
409,9050,0.6546136482492378,,,,74.62933837429111,379.84820415879017,173.43100189035917,646.9467302759352,27.446224920797253,432.0
410,6338,0.9216283241156684,,,,234.1389857589441,383.80199374782904,179.41889544980896,453.84293351175455,46.070448974195386,368.0
411,7670,0.5375133100412578,,,,90.28555618938962,186.88230462065027,184.04877353108955,744.9689621359254,427.3769309095572,397.0
412,10969,0.7767411068619392,,,,289.6865263157895,197.41368421052633,187.33090418353572,267.6006929777732,366.60314715636326,481.0
413,11733,0.6866077177619063,,,,6.080526901669759,58.55991094619666,182.14656771799628,900.8243107933098,611.6587268063388,498.0
414,10367,0.7108762964970159,,,,120.22403593642018,149.20774706288873,184.6914305459572,688.1160676571311,518.5376065393481,466.0
415,7472,0.8612068363479132,,,,220.738145800317,265.8769889064976,187.8840464870576,414.63404076775845,248.97646892437507,393.0
416,11437,0.678959515696331,,,,149.6011366929641,134.71030751891806,188.59008211238125,517.5573842207482,544.0233868229456,492.0
417,9123,0.8989325629866509,,,,127.3622678637314,164.25892510146355,199.85721313491572,651.8478418689347,472.46715756515266,434.0
419,8613,0.7354153088963226,,,,47.00031311154599,274.96391389432495,192.8965828691856,834.1691931285164,228.39180023377713,421.0
420,11629,0.5160554238429222,,,,22.7842660994005,34.35740862502418,188.00058015857667,885.1407536957114,780.2569656055218,496.0
421,7670,0.8423761254400405,,,,73.18374375,206.86185,188.2359375,744.9689621359254,427.3769309095572,397.0
422,7454,0.9633368779094187,,,,391.3879518072289,284.7719277108434,190.2465245597776,120.56734518778792,222.5104663221777,393.0
423,8130,0.9389187155538001,,,,257.61388850174217,52.905198606271775,185.94216027874563,392.08892743996074,664.5907320107334,410.0
424,8246,0.9403534737012097,,,,282.33498812351536,218.08133016627082,181.3705463182898,346.99870078436527,345.03825614716544,412.0
425,11467,0.789150247489058,,,,11.099655496987952,270.90375,208.24811746987956,897.88364383751,299.94802949156997,492.0
426,10596,0.9254978303460529,,,,277.5248988033683,332.76258827005466,202.2715319840449,315.63158658916836,122.52778982498774,472.0
427,12971,0.8370236900658115,,,,323.26874321880655,104.43924954792043,203.5468655816757,214.6686877733785,563.6278331949436,521.0
428,6040,0.7695407337249448,,,,198.18322429906542,181.61509345794394,187.9915528396837,506.7749387161492,463.6451566977536,360.0
429,9907,0.8439071487525748,,,,302.9216045845273,9.08510028653295,186.8583708555055,304.84914108456945,812.6043021193186,456.0
430,10401,0.8259162419308779,,,,46.43524236480807,306.75767441860467,198.163070888204,792.9998557473206,136.25090228538636,467.0
431,9664,0.9009445279860813,,,,160.66540254237287,310.2244809322034,198.22581214689265,599.8960589831399,164.6773495247835,450.0
432,8140,0.8434080757177382,,,,127.3080326678766,346.8400235934664,207.98820326678765,639.104951727136,111.74534432038881,410.0
433,9975,0.9288399141035074,,,,155.80448997384482,6.625579773321709,187.88884045335655,546.9640537787452,790.0591887915209,457.0
434,9500,0.5220894659108771,,,,333.2955523096586,8.198900858134015,202.80555048384156,185.26201821538146,794.9603003845203,446.0
435,13083,0.5909874063191282,,,,21.91381317532241,222.7602788428024,196.37033809689788,888.081420651511,417.57470772355816,523.0
436,9397,0.8586295727970162,,,,188.10701461377872,352.40978079331944,193.36586638830897,462.6649343791537,119.58712286918802,443.0
437,11045,0.7228895437515188,,,,244.3514337832908,129.47914629697192,191.0674936154688,393.0691497585606,482.2693807511517,483.0
438,10233,0.814405294476523,,,,190.40569288389514,174.14790262172284,193.2765293383271,449.92204423735495,466.5858236535533,464.0
439,11015,0.7878060692536054,,,,2.273414634146342,295.72368292682927,191.4890243902439,918.4683125281081,238.19402341977616,482.0
440,8576,0.9055648717733403,,,,179.59565656565655,365.6192784992785,194.46368446368447,562.6476108763436,66.65511766479332,420.0
441,8190,0.8901400884794414,,,,97.15437931034484,120.53958620689656,189.6655172413793,713.6018479407286,520.4980511765478,411.0
442,6149,0.6787302617037275,,,,181.20754491017965,221.28780153977758,194.42172797262617,578.3311679739421,387.1878158469612,362.0
443,10259,0.6772063065437802,,,,175.136738596012,241.15891286533736,194.8178093417099,602.8367259389396,265.6402483405734,464.0
445,10570,0.9015826592402919,,,,138.12658264107705,105.97833858493269,197.359782297336,617.5400607179381,571.4696117437428,471.0
446,14950,0.7424532681793077,,,,310.1165942253959,79.41833592052159,208.56022974231604,265.6402483405734,668.5116212851331,555.0
447,10123,0.9362183739545953,,,,287.0076880351771,214.01414718815087,207.75121499652855,324.4535874565675,341.11736687276584,461.0
448,12304,0.5960575381424787,,,,76.8858878504673,227.26429906542057,190.72585669781927,666.5511766479333,294.06669557997054,509.0
449,14111,0.7314191905413368,,,,89.4903157894737,303.77115789473686,205.66093117408903,698.89851316173,163.6971272061836,541.0
450,8002,0.7734693973193724,,,,241.07901529902645,384.48966342141864,197.81724617524335,386.2075935283613,89.20023099259107,406.0
451,9935,0.9756963109851922,,,,297.48211764705883,126.53011764705883,194.2552036199095,275.44247152657243,537.1618305927462,456.0
452,12598,0.6842779932070444,,,,239.02303186504219,92.07052014995314,204.7806935332709,451.8824888745547,573.4300563809426,515.0
453,10644,1.0,,,,328.90116071428577,121.86629464285714,205.452876984127,229.37202255237702,547.9442760973451,473.0
454,10170,0.8547728199723865,,,,281.59135371179036,323.931615720524,192.74963609898109,312.6909196333687,183.30157357818163,462.0
455,8925,0.9310345754817618,,,,208.4274418604651,79.92697674418604,192.04293381037567,429.337375546757,637.1445070899362,429.0
456,11257,0.9730089532749786,,,,253.31598938589843,366.1277028051554,218.94756128380087,379.346037298162,68.61556230199312,487.0
457,17216,0.7845436558682454,,,,302.8362213365081,233.30922822092242,243.48082198871575,264.6600260219735,276.4226938451723,590.0
458,8664,0.7991713513024723,,,,149.9858283158438,234.61831068295203,205.6060553930845,638.124729408536,324.4535874565675,422.0
459,8933,0.8956437976845808,,,,106.17349813432836,337.57883395522384,206.7236473880597,659.689620417734,115.66623359478842,429.0
460,13630,0.8299034482673845,,,,287.18612137203166,137.70681618293756,213.06083260041044,338.17669991696613,525.3991627695474,532.0
461,13004,0.7686474575278937,,,,104.30414982973893,254.6568081725312,209.0948921679909,633.2236178155366,303.86891876596957,522.0
462,13693,0.6941425989028537,,,,76.46255894372838,313.03673058786546,198.5642879597611,757.7118522777241,170.55868343638292,534.0
463,6440,0.8035822626554696,,,,187.6208797653959,315.20326099706745,194.22521994134897,528.339829725347,200.94557531297988,371.0
464,10310,0.6900008151423799,,,,367.51871025687086,321.850109574277,210.721214298545,86.25956403679136,166.63779416198332,465.0
465,11666,0.8531849441281745,,,,2.168979591836735,375.0175510204082,205.6509680795395,901.8045331119097,39.208892743996074,497.0
466,10380,0.9021335141756026,,,,247.8810954752111,218.51195929854947,202.22948690192683,403.85159526315954,391.10870512136086,467.0
467,16933,0.6372960213753227,,,,44.81750449081112,235.04502970844274,213.3386762470637,749.8700737289249,351.89981237736475,585.0
468,11726,0.7931747152821372,,,,326.54186476868335,86.7804128113879,203.72277580071173,197.02468603858026,643.0258410015356,498.0
469,8596,0.9729182197075306,,,,347.541377245509,194.7822305389222,194.8330838323353,204.86646458737948,416.5944854049583,420.0
470,13709,0.8532563171037538,,,,200.8460263551148,284.95675044151614,219.5690802880044,500.89360480454985,245.05557964997547,534.0
471,10452,0.9576424822399221,,,,354.2006896551724,49.75254727474972,211.36484983314796,159.776237931784,673.4127328781326,468.0
472,13272,0.8049574793001084,,,,37.569275766016716,19.61732590529248,199.2298050139276,789.078966472921,798.88118965892,526.0
473,11641,0.9737169209498583,,,,162.31738501971094,107.29236530880421,212.6837494524748,544.0233868229456,582.2520572483417,496.0
474,13067,0.9118454631410824,,,,118.46388211248104,195.18837871695126,217.9873409375618,627.3422839039372,393.0691497585606,523.0
475,12987,0.7936829308186896,,,,75.25569907735984,226.29816891412352,208.32292405961675,763.5931861893235,357.7811462889642,522.0
476,16124,0.7048659851379799,,,,40.658601694915255,52.186737288135596,201.47316384180792,758.692074596324,693.0171792501305,573.0
477,9082,0.75055621367056,,,,46.74806924101198,70.06498002663116,198.38482023968044,843.9714163145155,590.0938357971409,433.0
478,10612,0.8146363155072732,,,,382.84138010794146,152.1926137239784,208.51156515034697,100.96289881578988,540.1024975485459,472.0
479,12538,0.7069348794968335,,,,213.31639760837072,314.6491629297459,216.51793721973092,541.0827198671458,166.63779416198332,514.0
480,11183,0.5915557011526698,,,,286.44256080771,172.28012849931164,206.9793483249197,386.2075935283613,400.9109283073598,486.0
481,9783,0.8635024493837685,,,,199.50774453781517,194.45989915966388,211.70386554621848,468.54626829075306,377.38559266096223,453.0
482,10530,0.9367658484691035,,,,168.862924226254,274.50713980789754,211.43143009605123,527.3596074067472,245.05557964997547,471.0
483,12114,0.892670640761068,,,,62.110883811166204,80.39657900409571,226.45052813106275,781.2371879241217,639.104951727136,506.0
484,15795,0.7238675609518681,,,,301.7962886597938,130.03144329896907,216.9994052339413,258.7786921103741,487.1704923441512,568.0
485,13326,0.8201515488742392,,,,77.16050582095542,35.88782818145322,211.36130068245689,716.5425148965282,766.5338531451232,527.0
486,13978,0.7330503204062713,,,,301.03763151455837,92.06900905309517,220.6848544164424,213.6884654547786,579.311390292542,539.0
487,10876,0.7379735191663329,,,,44.38622425629291,122.33089244851261,215.24764810577167,730.2656273569269,578.3311679739421,479.0
488,13837,0.8367060841658708,,,,62.2662033271719,252.19937523105364,223.0018484288355,720.4634041709279,266.6204706591733,536.0
489,11261,0.9302345681677604,,,,102.33989901540016,275.7109972229235,215.7914668013128,658.709398099134,234.27313414537653,487.0
490,12493,0.5414906935034874,,,,176.27177281947263,75.65050709939149,227.6801893171061,559.706943920544,601.8565036203397,513.0
491,12352,0.899955831729106,,,,384.3042134831461,85.98926966292134,220.4375540190147,116.64645591338832,646.9467302759352,510.0
492,13286,0.7869994547534901,,,,356.47948428686544,27.45021756647865,222.96353746978244,130.36956837378693,652.8280641875347,527.0
493,10040,0.7595280809635367,,,,336.1395696821516,175.66973105134474,214.1158924205379,166.63779416198332,429.337375546757,459.0
495,10221,0.8414027179044218,,,,347.6293556485356,384.501489539749,220.5029288702929,205.8466869059794,68.61556230199312,463.0
496,18688,0.7711648722650379,,,,336.1448729792148,195.15120381062354,240.10739030023092,244.07535733137556,428.3571532281571,611.0
497,14965,0.8858020098291881,,,,69.5028764308776,289.82151159377753,235.32315820369823,733.2062943127265,175.45979502938243,555.0
498,14656,0.7968695152192307,,,,18.851721385815345,320.0345800834391,223.34754217304555,876.3187528283122,152.9146817015847,551.0
499,15584,0.8975015693987715,,,,353.5937895416398,95.39230471271789,227.9797718958468,184.28179589678155,595.9751697087403,564.0
500,11451,0.8364934249662976,,,,61.19631869729573,93.9758243675487,224.62111078801976,739.087628224326,572.4498340623427,492.0
501,11949,0.6875177183729675,,,,227.57714285714286,317.7736507936508,225.0919820919821,451.8824888745547,147.03334778998527,502.0
502,14781,0.9153610239478998,,,,31.440291085506367,342.82206185567014,230.86436223974127,819.4658583495179,139.19156924118607,553.0
503,11165,0.7797859440720134,,,,129.39567567567568,98.3010810810811,226.16257166257165,588.1333911599411,555.7860546461443,485.0
504,12576,0.9236260759821794,,,,262.59254203758655,202.04584569732938,232.59512034289483,391.10870512136086,385.22737120976143,514.0
505,13296,0.950072721302513,,,,176.73589655172412,171.08358620689654,222.01206896551724,526.3793850881473,452.86271119315467,527.0
506,12493,0.8357431252036416,,,,150.59829896907218,73.46502945508101,225.34315169366715,559.706943920544,601.8565036203397,513.0
507,17535,0.8543567977304469,,,,63.2319679210364,185.32723010487354,231.83261361299608,749.8700737289249,425.4164862723574,594.0
508,12188,0.9679971721243432,,,,337.2908257627119,175.42533152542373,231.88908474576272,223.49068864077762,429.337375546757,507.0
509,14370,0.9237436224328105,,,,275.57076226415097,205.9587350943396,230.92739622641508,309.750252677569,412.6735961305587,546.0
510,10814,0.7905921506168,,,,385.55632450331126,151.40394039735094,224.5,155.85534865738438,552.8453876903446,477.0
511,14715,0.8919891786583893,,,,92.8564502762431,30.081533149171275,234.4224217311234,657.7291757805341,723.4040711267276,552.0
512,12872,0.925290779571902,,,,285.53071045576405,20.357372654155498,233.57193923145667,329.354699049567,772.4151870567226,519.0
513,15266,0.9148516559951647,,,,15.010974284679465,17.673031510322346,233.02571532053605,847.8923055889151,770.4547424195229,560.0
514,12235,0.8397378606592082,,,,182.91954946131244,54.583861410381985,238.42862389813908,544.0233868229456,706.7402917105293,508.0
515,18751,0.883442322453577,,,,73.94536624203822,136.7869108280255,244.296974522293,730.2656273569269,521.4782734951477,612.0
516,18542,0.7916681231926753,,,,238.75020898469643,285.23831166694094,237.18150403159453,402.87137294455965,230.35224487097693,609.0
517,12393,0.7169442286651848,,,,188.09458487985935,35.36787263137332,247.33893338542683,583.2322795669415,720.4634041709279,511.0
518,14512,0.8018839853409588,,,,30.494662799129806,241.32430746918055,233.61348803480783,860.6351957307138,308.77003035896905,548.0
519,18068,0.9041692189483956,,,,240.2131637492455,270.269630076744,245.84771923773388,392.08892743996074,263.6798037033736,602.0
520,12605,0.8456771063536469,,,,130.052,382.93846540880503,235.5811320754717,670.4720659223328,62.73422839039372,515.0
521,15995,0.9158479581989456,,,,78.80694953780876,252.29897257160175,251.16623730868312,751.8305183661247,292.10625094277077,571.0
522,17390,0.7965983132775785,,,,226.02145900321545,332.7099718649518,246.50844051446944,362.68225788196366,134.29045764818656,592.0
523,13724,0.9111968064857369,,,,227.06186221743812,68.5337890204521,236.92411194833156,411.6933738119588,614.5993937621384,534.0
524,15180,0.7479993862999689,,,,246.83286064491796,112.57504808598907,245.6454836884782,377.38559266096223,634.2038401341365,559.0
525,15473,0.8465997307494831,,,,185.09951515151513,334.18036363636367,237.84040404040405,561.6673885577437,139.19156924118607,563.0
526,14463,0.8809722336076673,,,,284.8420864864865,318.5123675675676,240.98108108108107,355.82070165176435,150.95423706438487,547.0
529,12315,0.8641262138495687,,,,98.79560412371134,19.68655670103093,243.8156701030928,693.0171792501305,765.5536308265233,510.0
530,14283,0.6749541011841383,,,,177.52600040056078,210.14227919086724,246.01201682355295,551.8651653717448,293.08647326137066,545.0
531,16459,0.8986913238657478,,,,154.825135483871,265.355664516129,243.94451612903225,589.113613478541,284.2644723939715,579.0
532,17399,0.8899872780936209,,,,371.4002951388889,304.5800694444444,248.82465277777777,172.51912807358272,192.12357444558077,592.0
533,11949,0.8570691244579515,,,,230.58847500000002,316.81260000000003,240.50625,451.8824888745547,147.03334778998527,502.0
534,12407,0.6599215235310708,,,,202.2886889460154,169.5782005141388,246.99070595214556,525.3991627695474,516.5771619021483,511.0
535,21663,0.6383634660714462,,,,167.13153099957825,365.3518684099536,251.604808097849,579.311390292542,33.32755883239666,649.0
536,17003,0.9563478579003238,,,,146.03985436893205,114.02426213592233,248.80679611650484,567.5487224693431,580.2916126111419,586.0
537,18906,0.9286642858772702,,,,335.2998924418605,260.6286104651163,263.9989825581395,205.8466869059794,305.8293634031694,614.0
538,17757,0.7894214494307102,,,,199.17027015963978,145.51501841997543,255.0004093327876,416.5944854049583,517.5573842207482,598.0
539,21499,0.7305482712182292,,,,32.377639810426544,150.0685497630332,257.4067930489732,831.2285261727168,539.122275229946,648.0
540,14482,0.7845394303422423,,,,12.89034569453174,188.11580138277813,262.66184789440604,834.1691931285164,428.3571532281571,548.0
541,15062,0.8827087711394422,,,,92.3715306122449,366.8794897959184,249.429748822606,697.9182908431301,93.12112026699067,557.0
542,16900,0.8830638689791921,,,,196.31224399494312,49.192016434892544,251.8397597977244,480.3089361139519,652.8280641875347,585.0
543,20239,0.8743274018984597,,,,155.53425232038504,81.51227913372293,257.1512547267102,583.2322795669415,646.9467302759352,631.0
544,17794,0.9606182513067824,,,,346.0443715846995,156.46252359662196,265.74167908594137,187.22246285258126,478.3484914767521,598.0
545,18041,0.8988515097151373,,,,331.14104590354447,294.4009761766415,255.5824133255859,254.85780283597447,190.16312980838094,602.0
546,20223,0.8383503515752876,,,,184.03190102120976,126.99600942655147,258.3931657501964,545.0036091415454,516.5771619021483,631.0
547,11968,0.6969869925248908,,,,144.35806072477962,127.1247208619001,251.1116552399608,631.2631731783367,502.8540494417496,503.0
548,22078,0.7127926109532856,,,,339.62289700207776,233.34826357969723,261.0270109824874,271.52158225217283,334.25581064256653,654.0
549,19934,0.9587333593984264,,,,120.76277777777779,244.03828703703704,261.1170267489712,629.302728541137,312.6909196333687,628.0
550,23792,0.7122678774514485,,,,196.48673585884796,14.016253243383499,263.6895000864902,493.0518262557506,694.9776238873304,674.0
551,12903,0.7573327281355727,,,,290.47943060498227,29.070533807829182,260.82096906652066,320.5326981821679,723.4040711267276,520.0
552,21373,0.843253190982789,,,,211.0233305404273,12.242274821952241,257.8973607038123,422.4758193165577,782.2174102427217,646.0
553,17800,0.9050510478113658,,,,353.80256824512537,204.91447353760447,260.6451253481894,154.8751263387845,366.60314715636326,598.0
554,20409,0.8624881694875381,,,,20.51675294117647,377.72959058823534,263.41929411764704,796.9207450217202,43.12978201839568,634.0
555,21398,0.8902815283589263,,,,365.1100344639942,138.22779974605479,272.8492653727553,143.11245851558567,543.0431645043457,647.0
556,15326,0.8503288726888197,,,,230.65265650080258,364.9812600321028,262.2192348849652,468.54626829075306,78.41778548799215,561.0
557,19124,0.848878288025835,,,,29.293562458691344,16.416087243886324,259.0522141440846,837.1098600843162,780.2569656055218,617.0
558,19442,0.9186879726394886,,,,360.6045425867508,27.4203785488959,263.93787915554475,189.18290748978106,720.4634041709279,622.0
559,18101,0.8328215965251118,,,,168.52361348942864,42.03141009959812,266.46793639699456,582.2520572483417,734.1865166313265,602.0
560,18274,0.9015238091872309,,,,103.68562765655994,121.25109946160386,267.25290450552563,704.7798470733294,545.9838314601453,605.0
561,17586,0.9680177619601401,,,,316.6487011615628,113.37262935586061,261.25765575501583,247.01602428717527,575.3905010181423,595.0
562,23778,0.7991160353257047,,,,5.110003524850194,161.65218188227,267.14416637292913,838.0900824029161,526.3793850881473,674.0
563,24144,0.7421853698307124,,,,173.39504676697848,201.53150874339164,265.4753965026434,509.71560567194894,355.82070165176435,679.0
564,16786,0.9240951093685212,,,,234.47534838076547,297.2534838076546,265.2315996074583,425.4164862723574,208.78735386177908,583.0
565,13541,0.6853152445991824,,,,127.33420315236428,156.0453064798599,269.454465849387,637.1445070899362,467.5660459721532,531.0
566,16632,0.8878497765580263,,,,142.8288775510204,378.11594387755105,263.421768707483,628.3225062225371,64.69467302759352,581.0
567,16447,0.7801782265405903,,,,330.2768658259252,70.7910874508993,270.36654951416165,188.20268517118114,595.9751697087403,578.0
568,20889,0.8957706402924187,,,,2.9093528904227783,3.909421915444349,262.8300258843831,894.9429768817104,755.7514076405243,640.0
569,21262,0.9226145618847874,,,,271.06113107822415,189.28302325581396,273.1763565891473,328.3744767309671,386.2075935283613,645.0
570,21391,0.942303746020995,,,,85.4298403990025,232.56273815461344,268.3695760598504,694.9776238873304,349.9393677401649,647.0
571,19050,0.8397496921320168,,,,381.12148148148145,363.91092592592594,267.2648148148148,154.8751263387845,89.20023099259107,616.0
572,19576,0.8847430930128162,,,,243.26559523809524,110.52940476190477,261.18055555555554,401.89115062595977,609.6982821691389,623.0
573,18807,0.9321566447049434,,,,62.216436090225564,141.24715037593984,270.73834586466165,748.889851410325,515.5969395835484,613.0
574,17858,0.8766462169134591,,,,272.80423604309505,225.7290205680705,277.02130264446623,327.3942544123672,310.7304749961689,599.0
575,17288,0.8852687484475994,,,,195.0210264385692,238.68808709175738,271.23846552617937,492.0716039371507,280.3435831195719,591.0
576,23775,0.9208054989612504,,,,61.970890828256216,13.948937921949614,272.8060266754487,760.6525192335238,758.692074596324,674.0
577,20830,0.957415840390666,,,,360.15065284974094,90.28712176165803,279.519170984456,148.99379242718507,600.8762813017398,639.0
578,20997,0.8220955213188927,,,,264.91891490576813,120.35995431182182,279.6106986483914,393.0691497585606,518.5376065393481,642.0
579,19564,0.9678629540529363,,,,79.22738571428573,136.1668285714286,268.5128571428571,713.6018479407286,524.4189404509475,623.0
580,21757,0.9436769651442506,,,,270.8380290537888,180.91457400863763,280.35597434890724,360.7218132447639,437.1791540955562,650.0
581,22088,0.8489820054822743,,,,203.4271013916501,358.93025844930423,278.63697813121274,448.941821918755,118.60690055058812,654.0
582,17437,0.8241570402141773,,,,168.2686674315686,367.0725258154401,272.98787084084574,501.87382712314974,30.386891876596955,593.0
583,23708,0.6996034382259981,,,,179.15241869918702,180.94995934959348,273.56978319783195,464.62537901635346,484.2298253883515,673.0
584,18881,0.8913462072562115,,,,172.16142034548943,6.380230326295585,281.4782469609725,554.8058323275444,765.5536308265233,614.0
585,18251,0.9356798114585663,,,,188.23342632955536,82.78812554489974,273.7244986922406,518.5376065393481,637.1445070899362,605.0
586,21315,0.9375328198525353,,,,124.35865794711403,375.88193346602213,272.918112027296,613.6191714435386,44.11000433699558,645.0
587,17652,0.8701120171577867,,,,85.6611041990669,194.92903576982894,271.54587869362365,686.1556230199312,408.7527068561591,596.0
588,15050,0.784716518295644,,,,35.22617032672737,282.42099625066953,272.91644349223355,820.4460806681178,204.86646458737948,557.0
589,23640,0.8306537480300406,,,,215.11945315752948,219.078345593338,279.80111034004165,414.63404076775845,317.5920312263682,673.0
590,25253,0.8714497418626165,,,,310.01717063081696,77.0906184074457,277.65108583247155,271.52158225217283,595.9751697087403,691.0
591,19297,0.871325665053617,,,,59.15534246575342,177.13279109589044,279.61301369863014,748.889851410325,413.65381844915856,620.0
592,21526,0.8786455053348803,,,,30.40527551020408,327.3707755102041,274.1147959183673,775.3558540125224,117.62667823198822,648.0
593,27873,0.726309991809394,,,,27.379085487077536,231.3948310139165,274.94433399602383,807.7031905263191,297.00736253577026,720.0
594,22667,0.9331060051562173,,,,269.603427480916,311.45757251908395,284.18969465648854,359.74159092616395,155.85534865738438,661.0
595,23561,0.8434813693869553,,,,276.33632535595274,235.95094516813086,288.95758860951224,372.4844810679627,346.0184784657653,672.0
596,18896,0.8561242968436626,,,,328.96723566878984,36.22826751592357,285.6085987261146,195.06424140138046,714.5820702593285,614.0
597,20983,0.9402639693776899,,,,265.52487804878047,15.524878048780488,281.71607254534086,356.8009239703643,772.4151870567226,641.0
598,23961,0.9112510468740672,,,,39.17229850746269,211.2174029850746,289.67114427860696,776.3360763311223,359.74159092616395,676.0
599,28461,0.9449618323601691,,,,72.46009841198837,103.18086334153433,301.4048311339745,701.8391801175297,584.2125018855415,726.0
600,19385,0.8384123515659146,,,,149.92969580284944,279.87192914901806,284.6661532537543,547.9442760973451,202.90601995017968,621.0
601,22381,0.9409771613392643,,,,145.71096742986137,113.18677845856176,290.28990648178006,591.0740581157409,593.0345027529406,657.0
602,22437,0.7691284760425352,,,,289.4566506877866,102.9539849937474,295.2134222592747,247.01602428717527,534.2211636369465,658.0
603,19564,3.07345177037055e-07,80.53375150814439,-0.032172878356926546,False,133.57944231820667,148.7799890650629,291.7608893748861,713.6018479407286,524.4189404509475,623.0
604,18401,0.7503674478998406,,,,299.41083246618103,165.17778355879295,296.1173257023933,268.5809152963731,453.84293351175455,607.0
605,24075,0.6486441315086706,,,,25.911624933404372,28.18762919552477,289.4752264251465,838.0900824029161,700.8589577989299,678.0
606,17126,0.6278326101665694,,,,282.7480355249205,62.42378048780488,299.69432661717923,369.543814112163,710.6611809849288,588.0
607,21391,0.004044544485440758,33.93737484869029,0.047647644242718785,False,80.06338765008577,217.09721269296747,295.70969125214407,694.9776238873304,349.9393677401649,647.0
608,23953,0.9365829984347883,,,,142.83329782082328,300.035593220339,293.75205811138017,612.6389491249387,202.90601995017968,676.0
609,26365,0.9334341364572929,,,,4.851385220567575,344.8115032312447,297.4180949704973,865.5363073237133,90.18045331119097,703.0
610,27764,0.9075772209114982,,,,103.28530606753667,42.10866675635679,304.6362168707117,695.9578462059303,715.5622925779284,719.0
611,30897,0.9396797712008277,,,,134.0685243518294,69.31245941361765,304.83305064211294,586.1729465227413,640.0851740457359,751.0
612,23095,0.8869981409990418,,,,266.61955795148253,109.34843126684638,289.0415094339623,380.3262596167619,590.0938357971409,666.0
613,27046,0.9528496601639919,,,,182.33674784837942,349.8414978941586,307.3250320454129,512.6562726277486,88.22000867399116,711.0
614,31254,0.8572023437686668,,,,372.679786286732,336.42772929652716,300.07212822796083,170.55868343638292,149.97401474578498,755.0
615,24639,0.8483426449841355,,,,326.38451612903225,352.5941935483872,298.9247311827957,234.27313414537653,49.99133824859499,684.0
616,18606,0.7354779235089137,,,,285.7761362506216,360.9527573346594,307.36623570363,350.91959005876487,47.050671292795286,610.0
617,25237,0.9225086164237284,,,,227.59215530629854,364.1795099223469,307.07385677308025,409.73292917475897,54.892449841594505,691.0
618,27773,0.9535157567175684,,,,101.15550849985087,61.341777512675215,303.14047121980315,638.124729408536,681.2545114269318,719.0
619,26441,0.9300942038767127,,,,46.156135351736424,271.44115761353515,305.8017215791036,774.3756316939224,242.11491269417576,704.0
620,26955,0.9383790006415885,,,,34.840175320296694,180.41826028320972,297.0445043830074,797.9009673403201,451.8824888745547,710.0
621,24446,0.8552144258535812,,,,256.45086454519856,255.31183610250633,313.9276260208392,347.97892310296515,263.6798037033736,682.0
622,28460,0.8577992185235382,,,,313.9749565642971,249.51468004404745,308.121619968188,296.02714021717037,320.5326981821679,726.0
623,25433,0.9002742827342473,,,,297.1994226531512,294.0230453944469,305.1981048920229,300.92825181016985,189.18290748978106,693.0
624,19606,0.7084265670036665,,,,359.5162948207171,295.4071314741036,297.21115537848607,178.40046198518215,115.66623359478842,623.0
625,31192,0.9698438806431804,,,,233.21095790115925,208.24207443563148,317.1551759202766,410.71315149335885,371.5042587493628,754.0
626,26220,0.9417744796821729,,,,65.08654101077052,284.1589436619719,305.03748964374483,748.889851410325,218.5895770477781,702.0
627,28312,0.9562233969525967,,,,45.69729362253157,291.4500679831661,306.7568792489479,779.2767432869219,199.96535299437997,725.0
628,26348,0.902682986211494,,,,48.09545284197377,371.46854465958774,304.60274828232355,797.9009673403201,40.189115062595974,703.0
629,28683,0.8983894676536368,,,,343.9012084870849,96.85647601476015,313.7392373923739,181.34112894098183,612.6389491249387,729.0
630,20997,0.0006677609913813086,43.63764799526907,0.21938817625871385,False,237.98782442748092,129.59759541984732,309.3912213740458,393.0691497585606,518.5376065393481,642.0
631,32518,0.8625709129694531,,,,227.64394683303945,295.5974664315747,316.1464804014648,433.2582648211566,242.11491269417576,768.0
632,24917,0.818519112937631,,,,205.7065137614679,372.5631536697247,308.55428134556576,406.79226221895925,52.9320052043947,687.0
633,26839,0.6643159169187833,,,,339.6016256157636,62.399039408867,302.3756157635468,223.49068864077762,748.889851410325,709.0
634,22122,0.7527495689771407,,,,265.62662753468516,332.9159871931697,306.40474919957313,358.76136860756407,163.6971272061836,655.0
635,18750,0.4221149510557323,,,,260.4578536585366,36.00936585365853,301.3219512195122,386.2075935283613,654.7885088247344,612.0
636,26328,0.9142659980911378,,,,284.84174908648,333.43052375152257,309.1415347137637,297.98758485437014,148.01357010858518,703.0
637,23271,0.7579066313945365,,,,125.53989839463524,239.9569111969112,316.5976427555375,644.0060633201355,339.156922235566,668.0
639,25250,0.8811321121460748,,,,189.18841943957966,78.23956654991244,312.4369527145359,511.67605030914876,634.2038401341365,691.0
640,26815,0.8990659359528572,,,,358.7227850990972,116.44395558783854,317.43706547680813,148.99379242718507,518.5376065393481,709.0
641,27486,0.8620293541913492,,,,349.968927943761,192.07391915641477,322.0847640935514,181.34112894098183,444.0407103257555,716.0
642,25482,0.7612152182549484,,,,156.08228218100055,341.38716132658806,314.22259696458684,648.907174913135,104.8837880901895,694.0
643,26593,0.8975763227951532,,,,81.25048951048952,85.68986013986016,316.0282409897795,742.0282951801257,618.5202830365381,706.0
644,28638,0.8247271789136111,,,,215.7173701182372,118.26180580437119,315.4476890003583,500.89360480454985,535.2013859555464,728.0
645,32290,0.9144500005416356,,,,3.4910798122065727,143.8062441314554,308.764475743349,845.9318609517153,531.2804966811468,766.0
646,30951,0.9303519609629006,,,,198.3263697898112,307.42364802280014,328.2779954874718,464.62537901635346,167.6180164805832,752.0
647,35054,0.8497386051200622,,,,343.4781882491649,64.59592454313224,321.9824130477501,208.78735386177908,680.2742891083319,791.0
648,27049,0.740846646365191,,,,193.742615625,369.800071875,320.7790625,562.6476108763436,8.822000867399117,711.0
649,21373,9.909476571123502e-05,52.13335447876261,0.005918536664301197,False,234.82249502133715,8.490904694167853,324.39160739687054,422.4758193165577,782.2174102427217,646.0
651,28006,0.9197774668985738,,,,130.93485557083906,132.11933975240714,310.14030261348006,618.5202830365381,494.03204857435054,721.0
652,26451,0.8987862829591988,,,,211.60988878143135,320.53851063829785,313.5587524177949,484.2298253883515,153.89490402018458,704.0
653,30871,0.9196513157404455,,,,20.217512953367876,277.36134715025906,314.37066560382624,803.7823012519195,222.5104663221777,751.0
654,29424,0.7612660013947309,,,,377.5698651026393,246.18080938416423,316.3964809384164,91.16067562979087,277.4029161637722,737.0
655,24673,0.5241180347677816,,,,258.84081855388814,271.06019781718965,322.0909504320145,409.73292917475897,313.6711419519686,685.0
657,30607,0.968807320700752,,,,194.38855932203393,117.98551617873653,315.0562403697997,475.4078245209524,544.0233868229456,749.0
659,30435,0.9631001716255007,,,,215.73733067729086,171.09618525896414,322.22742363877825,450.90226655595484,456.78360046755427,747.0
660,26652,0.9356738188944165,,,,191.82681450777199,204.46928082901556,318.33264248704666,484.2298253883515,388.16803816556114,707.0
661,25433,0.00221115470386977,36.22584168968448,-0.09321737200542728,False,288.03005906803764,297.833213738788,317.0188142638372,300.92825181016985,189.18290748978106,693.0
662,28995,0.865824567991825,,,,125.31279305966991,77.27677528565383,322.42530681337286,665.5709543293333,620.4807276737379,732.0
663,30060,0.8779111857432904,,,,226.1276288659794,150.67809087437954,324.0431462390225,451.8824888745547,456.78360046755427,743.0
664,31357,0.8760130794627067,,,,326.4415127445169,190.7205880260818,327.0642560758743,259.758914428974,453.84293351175455,756.0
665,23881,0.7491324418907584,,,,202.68555708390647,339.4713067400275,314.8564878496103,514.6167172649484,136.25090228538636,675.0
666,31605,0.9186000816986246,,,,121.02425889504738,128.6603933488289,323.7963525835866,599.8960589831399,545.9838314601453,759.0
667,31749,0.8405280340217842,,,,363.0069597457628,289.3605826271187,315.63029661016947,122.52778982498774,257.7984697917742,760.0
669,32353,0.9461741741843256,,,,108.96210298241144,68.51473872036708,328.2950548049962,678.313844471132,636.1642847713363,766.0
670,29883,0.7674695345337259,,,,117.06711255559357,15.186917550461855,324.9408142319535,580.2916126111419,811.6240798007187,741.0
671,30153,0.8930921946006843,,,,308.8062580054895,91.57138151875571,326.6401341872522,284.2644723939715,639.104951727136,744.0
672,22437,0.00023785353071878454,47.6301541831273,-0.027578203887323002,False,338.3795697185377,118.23952119055323,324.8199611776124,247.01602428717527,534.2211636369465,658.0
673,30546,0.9514704484765865,,,,272.0057019562716,204.16275604142695,322.32796317606443,334.25581064256653,383.2669265725616,748.0
674,33198,0.9611060306630288,,,,155.42353322528362,72.21510534846028,325.1507293354943,537.1618305927462,634.2038401341365,775.0
675,29771,0.8646860576311041,,,,133.23557534246575,166.86034246575346,323.5780821917808,662.6302873735336,455.8033781489544,740.0
676,27074,0.7918976844962609,,,,159.57369554576601,173.3292608908468,322.6399086310981,602.8367259389396,414.63404076775845,712.0
677,30756,0.8462198943756789,,,,301.92540709812107,2.4545302713987476,326.4679888656924,220.5500216849779,775.3558540125224,750.0
678,26150,0.7376402404063082,,,,286.0826796827334,136.6371543624161,332.2541793776693,286.22491703117134,535.2013859555464,701.0
679,29304,0.8585507475301224,,,,41.327085696765295,221.1798037712709,331.5606316112218,843.9714163145155,368.5635917935631,735.0
681,30468,0.9171195342148908,,,,241.27404177651593,45.45402149665382,326.231798823768,416.5944854049583,709.6809586663289,747.0
682,37223,0.9212398830343671,,,,2.5540276816608998,306.1756401384083,332.03217993079585,844.9516386331154,216.6291324105783,817.0
683,33133,0.8969833662553027,,,,220.86894004796164,256.53333333333336,333.1649880095923,436.19893177695633,245.05557964997547,774.0
684,27022,0.7417234045969574,,,,168.06755309325948,87.8785595567867,325.015081563558,513.6364949463485,589.113613478541,711.0
685,26936,0.591856558604089,,,,369.01270714285715,174.48739285714285,338.4455357142857,187.22246285258126,475.4078245209524,710.0
686,36674,0.9138381443763895,,,,157.0863565891473,305.46064463484294,340.8805929552564,587.1531688413412,201.92579763157977,808.0
688,34972,0.9294731283820054,,,,190.16232378223495,353.13360171919766,334.2643266475645,510.6958279905489,98.02223185999019,790.0
689,29533,0.9070890574165241,,,,215.7837968299712,350.82326368876085,327.6397694524496,441.1000433699558,104.8837880901895,738.0
690,27245,0.6798304350194385,,,,256.9138291630716,34.753273511647976,331.8572907679033,319.552475863568,775.3558540125224,713.0
691,30778,0.8936898376330109,,,,236.67174240880377,103.78244141023029,330.5100876299164,416.5944854049583,604.7971705761395,750.0
692,30136,0.8259971415469005,,,,63.83352185089975,136.2829820051414,335.6446509788412,745.9491844545253,504.81449407894945,744.0
693,32840,0.9596238697966393,,,,127.19927545284197,201.59159275452842,333.14157818030395,628.3225062225371,407.77248453755914,771.0
694,34164,0.920212081454927,,,,149.28742346938776,356.3809056122449,328.63839285714283,546.9640537787452,85.27934171819146,784.0
695,32225,0.956094172684648,,,,252.8854085603113,197.77856031128402,325.6206225680934,369.543814112163,414.63404076775845,765.0
697,34944,0.9445879885505147,,,,60.418445080608706,259.7558656019286,335.0216965496459,739.087628224326,263.6798037033736,790.0
698,35566,0.852144312315234,,,,76.95210280373831,316.5082710280374,335.07943925233644,722.4238488081277,121.54756750638782,795.0
701,30815,0.7857615292900786,,,,106.65110917537747,141.72521486643438,344.3615950445219,730.2656273569269,512.6562726277486,750.0
703,29304,0.5812521324122248,,,,28.522268041237115,210.4954639175258,327.14561855670104,843.9714163145155,368.5635917935631,735.0
704,33257,0.8668941638648228,,,,303.2656144890039,250.63589650711515,330.2760672703752,266.6204706591733,345.03825614716544,776.0
705,28552,0.7638045437618906,,,,18.750194601381047,215.92649089767733,341.40092069470603,894.9429768817104,397.97026135156017,727.0
706,33426,0.8523819405320983,,,,5.113462109955424,225.56023774145615,329.9063893016345,873.3780858725125,294.06669557997054,777.0
707,29438,0.9173056110145172,,,,85.09428571428572,255.32285714285715,327.9010989010989,714.5820702593285,296.02714021717037,737.0
708,27773,0.03000355448707835,20.25304964732554,-0.45409999581720933,False,103.58705882352942,52.27558268590455,333.3869774324824,638.124729408536,681.2545114269318,719.0
709,31458,0.9015455514392103,,,,127.26078656288406,284.04685784514544,331.29332240884884,579.311390292542,218.5895770477781,757.0
710,30304,0.8617967197779433,,,,52.97309466602594,74.62793368572802,336.9283998077848,797.9009673403201,634.2038401341365,746.0
711,28995,0.530264830960891,0.00150455291226749,0.20410037579797058,True,108.00809516639062,80.0538864628821,344.0927571148923,665.5709543293333,620.4807276737379,732.0
713,34264,0.9066060413804993,,,,274.73041655172415,95.36807172413793,334.62041379310347,331.3151436867668,627.3422839039372,785.0
714,30607,0.00018975932172096731,49.9322061788564,0.23493076844124033,False,221.91297205757834,112.0333615580017,332.0762066045724,475.4078245209524,544.0233868229456,749.0
715,35052,0.9305633909185456,,,,157.56295110593715,130.53161525029103,340.68655413271244,550.8849430531449,503.83427176034957,791.0
716,30649,0.835084250458143,,,,49.85025751072961,37.10467811158799,332.0736766809728,735.1667389499264,754.7711853219245,749.0
717,25381,0.7132780086494213,,,,219.8383313180169,79.77032648125756,331.01088270858526,458.74404510475404,675.3731775153324,693.0
718,32506,0.6480302787364387,,,,154.38714551922752,225.60842622395393,339.8873454175843,527.3596074067472,256.81824747317427,768.0
719,34146,0.9100335575909616,,,,159.0169674418605,342.16096744186046,330.89674418604653,520.4980511765478,133.31023532958665,784.0
720,32517,0.91502098434627,,,,343.8019860627178,255.35646341463416,340.57897793263646,186.24224053398135,278.38313848237215,768.0
721,25381,0.0052682498865201394,31.532545950951643,-0.15644429171646096,False,203.41058510638297,40.90781914893617,333.5664893617021,458.74404510475404,675.3731775153324,693.0
722,31529,0.8756128069085968,,,,337.8809225700165,78.29790774299835,339.00988467874794,172.51912807358272,599.8960589831399,758.0
723,31306,0.8688866146168934,,,,18.146893857173865,92.54724549598438,338.1994790536141,870.4374189167128,631.2631731783367,756.0
724,29555,0.7136264993030571,,,,49.13083743842365,183.5945812807882,345.58140709864847,806.7229682077192,488.1507146627511,738.0
726,30957,0.8170526249313256,,,,374.92329700812365,116.0713255399247,345.76441450366553,82.33867476239175,532.2607189997467,752.0
727,28912,0.6300930360949809,,,,200.0490451335585,201.5797083205404,344.56708627571385,496.97271553015025,440.1198210513559,731.0
728,27477,0.6613988442494931,,,,121.15220871751886,313.12243503772004,345.8776194467728,718.502959533728,148.01357010858518,716.0
729,29029,0.8032585873636336,,,,165.21088235294118,314.10334365325076,337.40750773993807,587.1531688413412,127.42890141798723,733.0
732,28477,0.6124649867153303,,,,318.7184470410856,136.30546551074255,346.9086568664405,239.17424573837604,472.46715756515266,726.0
735,37351,0.8450472724959514,,,,112.79612773109245,369.6817210084034,344.50689075630254,680.2742891083319,44.11000433699558,819.0
736,32354,0.9143881542064997,,,,299.953961352657,186.1556038647343,339.27294685990336,281.3238054381718,405.81203990035937,766.0
737,32014,0.8484396784267153,,,,271.93223300970874,204.08906148867314,334.9007551240561,308.77003035896905,416.5944854049583,763.0
738,27281,0.6126494117184285,,,,70.288767826583,300.0459326868226,350.3869081574444,758.692074596324,214.6686877733785,714.0
739,29029,0.002365160700443956,36.97340311590057,0.12729082227384003,False,128.76805369127516,328.3136441139126,348.0981316887357,587.1531688413412,127.42890141798723,733.0
740,28461,0.7172693199289504,0.007957966913476324,0.6289947030310005,True,82.21902152641879,97.27409001956947,336.4833659491194,701.8391801175297,584.2125018855415,726.0
744,36147,0.9572005690477454,,,,123.64005919661734,349.1510866807611,342.96828752642705,620.4807276737379,110.76512200178891,801.0
745,30468,0.00025721971962533463,43.639979571501776,-0.5300739347064336,False,242.66777493606142,45.49734015345268,339.0886615515772,416.5944854049583,709.6809586663289,747.0
746,30897,0.003796093549819711,34.84841756343374,0.18045637671130035,False,167.45934246575342,75.08219178082192,345.96838777660696,586.1729465227413,640.0851740457359,751.0
748,33348,0.9001449048108074,,,,351.4155889328063,203.45667984189728,340.7786561264822,199.96535299437997,379.346037298162,777.0
750,32344,0.6896624657511514,,,,359.99574770403746,54.85599029630913,348.93086120256453,151.93445938298478,761.6327415521238,766.0
751,34581,0.711951039828963,,,,221.09889709075122,141.77428571428575,350.9724996381531,401.89115062595977,439.13959873275604,787.0
752,35933,0.9787290094114757,,,,75.72971830985915,218.66323943661976,343.7697724810401,723.4040711267276,366.60314715636326,799.0
753,35934,0.7466907793106876,,,,125.49226502311248,241.66419106317412,339.8536209553159,557.7464992833442,264.6600260219735,799.0
754,24427,0.45362458321908405,,,,59.55203389830509,23.381313559322038,351.71838331160365,722.4238488081277,762.6129638707237,682.0
755,33719,0.5549993481749416,,,,47.82861107332336,250.37108692694875,353.61243368249217,785.1580771985214,285.24469471257146,780.0
756,34164,0.6819595733000928,,,,157.0700331812526,346.7528660306927,348.31729572791374,546.9640537787452,85.27934171819146,784.0
757,35051,0.9097642763429471,,,,222.64080314273244,349.8798777826277,349.6089044085552,413.65381844915856,97.04200954139029,791.0
758,30638,0.632236261297616,,,,302.4319452631579,19.902644210526315,348.59473684210525,186.24224053398135,768.4942977823231,749.0
759,28638,0.0064144174518455666,31.808191988266408,0.0851627011735409,False,192.96338557993732,134.81896551724137,350.4400771642151,500.89360480454985,535.2013859555464,728.0
760,26359,0.6847016213957896,,,,321.2647058823529,240.81176470588235,344.66402714932127,203.88624226877957,283.28425007537163,703.0
762,36127,0.9168839035194098,,,,5.247634262406526,18.9281237253569,348.3677770224337,887.1011983329112,755.7514076405243,801.0
763,29844,0.6896871274574603,,,,97.10659176029964,167.88404494382021,349.52659176029965,731.2458496755268,501.87382712314974,741.0
764,24075,0.6247212785427559,,,,25.150791366906475,65.33594244604318,345.33093525179856,838.0900824029161,700.8589577989299,678.0
765,35053,0.8678187089542968,,,,280.16779438135086,61.3951225343694,353.1910739191074,285.24469471257146,651.8478418689347,791.0
767,36008,0.8428837263546287,,,,25.08041563582385,138.3448292924295,350.7342899554676,798.88118965892,552.8453876903446,800.0
768,28000,0.5795613919374352,,,,152.999679389313,197.61687022900762,352.96412213740456,661.6500650549337,384.24714889116154,721.0
772,33719,0.7304773592091229,,,,41.42264022662889,218.69697450424928,350.5155807365439,785.1580771985214,285.24469471257146,780.0
774,35286,0.8028298117159393,,,,58.27057377049181,11.125573770491803,353.97919293820934,707.7205140291292,822.4065253053176,793.0
776,32971,0.7454208935051437,,,,166.0418294360385,2.3405364511691884,356.03232462173315,495.0122708929504,819.4658583495179,773.0
777,32875,0.5723452306987383,,,,23.754871473354232,67.67090909090909,357.314315569488,900.8243107933098,536.1816082741464,772.0
778,31605,0.0006227403128440635,44.16929461773743,0.26597216990833095,False,127.23012605042017,127.10007639419403,369.3548510313216,599.8960589831399,545.9838314601453,759.0
781,35082,0.8060234642690673,,,,45.502576325656136,299.12979110873056,360.8427959292984,796.9207450217202,142.13223619698576,791.0
783,34065,0.7484661916816909,,,,234.5548256880734,247.5839266055046,358.0385321100917,415.6142630863584,331.3151436867668,783.0
784,32469,0.0008693988920439991,42.18469885630954,0.18420238974558245,False,3.6699711815561957,331.39560038424594,362.6093499839898,846.9120832703152,163.6971272061836,767.0
785,30756,0.003010324470531604,32.09774613156517,-0.4604104513912433,False,320.5099971598978,9.211243964782733,373.6773643851178,220.5500216849779,775.3558540125224,750.0
786,30778,0.1436867385804593,13.997921846055224,-0.05499440526873229,True,239.7007976366322,87.07066838995569,367.6680206794682,416.5944854049583,604.7971705761395,750.0
787,30546,0.5041533617418843,4.9941946478299695,0.38256865472586893,True,280.6618952618454,199.20538653366583,361.4343308395677,334.25581064256653,383.2669265725616,748.0
789,33010,0.8179445182289576,,,,34.83890249050233,327.50287040945545,362.129168425496,841.0307493587158,125.46845678078743,773.0
790,29771,0.003342145470745904,36.17148917285602,0.3557016010169785,False,115.1604614370468,150.97499011206332,365.744232036915,662.6302873735336,455.8033781489544,740.0
793,36607,0.7555748324905458,,,,41.082618483412325,373.3501421800948,368.5681279620853,736.1469612685263,11.762667823198822,807.0
794,26328,8.555080196098188e-05,50.15942770554092,-0.4171012077218231,False,280.17367637102234,333.0642247799594,363.4976303317536,297.98758485437014,148.01357010858518,703.0
795,36147,8.317233585781906e-05,54.68876163315988,0.41468045442078766,False,112.13684444444442,339.42942222222223,368.1155555555556,620.4807276737379,110.76512200178891,801.0
797,29238,0.3522033928515317,,,,159.072202020202,220.55826262626266,368.0255892255892,481.2891584325518,321.5129205007678,735.0
798,33198,0.11394574712856999,16.981520721217212,0.18076280635035988,False,181.6136525775715,79.49520645003666,371.11214268262887,537.1618305927462,634.2038401341365,775.0
799,29238,0.0011979215468380857,40.347833658789966,0.12657982064580184,False,194.33627329192547,220.14938452851496,366.5477131564088,481.2891584325518,321.5129205007678,735.0
800,30951,0.3555656015109203,0.00023082290472342174,-0.19262316628404128,True,209.2889361702128,307.1849002659574,368.3769946808511,464.62537901635346,167.6180164805832,752.0
801,29883,4.371123397888486e-06,67.35029310838361,-0.04037663620382011,False,98.84170648464163,2.5826328620185275,370.7571916138469,580.2916126111419,811.6240798007187,741.0
802,35054,0.00018874548781905114,50.725565162981916,0.44179214021586805,False,329.73926218708834,71.5058234519104,374.5889328063241,208.78735386177908,680.2742891083319,791.0
804,35933,0.003984376929587464,32.56140376539727,-0.21646803195656575,False,64.58511013215859,223.86370044052865,374.1894273127753,723.4040711267276,366.60314715636326,799.0
806,32353,0.03935398554968902,22.504406601059156,0.08305129994947813,False,79.38990539262065,63.61778145695365,370.7455061494797,678.313844471132,636.1642847713363,766.0
808,32518,0.27504959484261704,8.80094489104814,-0.00933172289893622,True,232.22072193331292,271.03938207402877,377.4099112878556,433.2582648211566,242.11491269417576,768.0
810,30058,0.611608318939015,,,,23.14284991568297,68.54924114671164,371.7706576728499,891.0220876073107,721.4436264895278,743.0
811,29352,0.3820594998621326,,,,68.5183964365256,140.3457995545657,378.1077951002228,753.7909630033245,493.0518262557506,736.0
813,32546,0.6117162619214573,,,,28.08686526743399,178.48190250507787,376.6929587000677,860.6351957307138,473.4473798837526,768.0
814,32840,0.010259261459653847,25.4675589630847,-0.5030664204949541,False,137.72411250000002,178.7901375,374.9075,628.3225062225371,407.77248453755914,771.0
815,35052,0.009056530452176628,30.324125357646178,0.13994602967157832,False,188.90168584758942,139.9004603421462,385.0783825816485,550.8849430531449,503.83427176034957,791.0
817,31357,1.6919813358683917e-05,61.96719135864153,0.25203908566999705,False,294.9108783344177,145.2063630448926,382.6061591845587,259.758914428974,453.84293351175455,756.0
818,35644,0.39603150890229977,,,,224.86872035573123,277.68520256917,384.6291996047431,349.9393677401649,306.8095857217693,796.0
819,35051,9.27379800827865e-05,53.89781489710035,0.34447034376021635,False,224.9236997319035,371.43474530831105,379.0402144772118,413.65381844915856,97.04200954139029,791.0
821,31529,1.0310224922939831e-06,74.47613825658793,-0.04507807993752598,False,327.22023148148145,113.24685185185186,380.49228395061726,172.51912807358272,599.8960589831399,758.0
822,32469,0.5426771595952745,,,,4.65050925925926,280.9257870370371,380.6604938271605,846.9120832703152,163.6971272061836,767.0
823,30957,1.1798223953900535e-07,83.45040572149365,-0.330293940995585,False,365.1421848984957,147.15434204761212,387.6418869577917,82.33867476239175,532.2607189997467,752.0
827,33719,1.1573256436149338e-05,62.66421182120962,-0.0141057790588823,False,4.225063663075416,231.88345739471106,382.0563173359452,785.1580771985214,285.24469471257146,780.0
828,34146,0.01983794531651978,26.21789333322184,0.11168283771843525,False,188.30920498830866,322.76922837100545,387.86749805144194,520.4980511765478,133.31023532958665,784.0
829,35322,0.45232988205174024,,,,318.15469926021234,322.41873271148285,387.7565133483435,68.61556230199312,108.8046773645891,793.0
830,33257,0.03590026315163691,22.943198156955606,0.07292721437196552,False,307.0209385230993,214.13397599126955,390.7617315387413,266.6204706591733,345.03825614716544,776.0
831,34944,0.0022625167931568857,36.08762803817763,-0.09757837601193767,False,62.96511415525114,253.38958904109592,387.634703196347,739.087628224326,263.6798037033736,790.0
833,32014,0.00015154196559235666,50.93140723370792,0.2067412912874395,False,283.2160544217687,186.1389523809524,399.37097505668936,308.77003035896905,416.5944854049583,763.0
839,36008,8.107500844235738e-06,62.03090053774892,-0.3922866509672609,False,12.883443922964881,109.56443761126397,406.1804499109888,798.88118965892,552.8453876903446,800.0
841,31628,0.38586258850652316,,,,30.259053420805998,93.02358950328023,407.4771946266792,906.7056447049092,521.4782734951477,759.0
842,34264,1.3365313906523918e-07,84.76790353235151,-0.009991213293277484,False,260.7862657528189,109.98482865354853,403.28653548529735,331.3151436867668,627.3422839039372,785.0
844,34581,2.4801845767830396e-05,56.720795691471146,-0.3640406897514178,False,232.83275055679292,161.47939866369708,412.73867854491465,401.89115062595977,439.13959873275604,787.0
851,35644,0.0001586548935423623,50.25138062109255,0.10125476614206778,False,250.47207764952782,227.59753410283315,408.86621196222455,349.9393677401649,306.8095857217693,796.0
854,35286,3.853572017984916e-10,112.54319230896796,-0.21940965038885504,False,55.35066666666666,21.804533333333335,413.92547008547007,707.7205140291292,822.4065253053176,793.0
856,30525,0.2831458518664264,,,,40.237802503477056,111.4640611961057,414.970792767733,859.6549734121139,509.71560567194894,748.0
858,35934,2.842310536603883e-05,56.23337436196622,-0.339525836527187,False,155.53419134396356,242.98717539863324,419.1249050873197,557.7464992833442,264.6600260219735,799.0
860,36525,0.531385747423716,,,,20.779345794392523,24.047943925233643,421.14989216391086,902.7847554305096,854.7538618191144,806.0
864,37351,7.97539228313351e-05,53.42959258578721,0.05189288686448523,False,65.48922040423484,363.40943214629453,424.4292589027912,680.2742891083319,44.11000433699558,819.0
870,36674,0.00013228325735317907,52.10482641458569,0.33510224270678185,False,143.14678141135977,303.0870567986231,426.263339070568,587.1531688413412,201.92579763157977,808.0
871,32401,0.38899289658347785,,,,354.31247045258004,49.808699913519746,432.5889305275296,66.65511766479332,695.9578462059303,767.0
872,34798,0.3990279446327023,,,,372.2936069114471,85.44734341252699,433.81977441804656,25.485780283597446,602.8367259389396,789.0
880,35336,0.3470291210191416,,,,292.18579937304077,2.930501567398119,435.16405433646815,340.13714455416596,860.6351957307138,793.0
883,36337,0.49254486605889264,,,,5.244646464646465,2.442424242424243,435.4015151515151,1029.2334345298968,821.4263029867177,803.0
885,33348,1.0589025647459197e-11,127.0522114541379,-0.5978549207074673,False,333.29490262489423,163.14196443691785,438.776178379904,199.96535299437997,379.346037298162,777.0
886,35053,2.812980953162621e-10,117.69829143376319,0.6144165504485264,False,259.0590866141732,34.01004724409449,440.462467191601,285.24469471257146,651.8478418689347,791.0
888,34065,4.8120158451897235e-09,102.22715546445815,0.2128197754465555,False,208.62457564575647,231.51033210332102,438.2976629766298,415.6142630863584,331.3151436867668,783.0
891,33589,0.30683357443160336,,,,196.58018484288354,7.00558225508318,442.36118299445474,513.6364949463485,860.6351957307138,779.0
