subject_id,sz,slab_idx,slab_x_um_lo,slab_x_um_hi,dz_um,dy_um,ncc_after,mask_size_px
755252,1.5,0,762.532421880303,862.532421880303,60.0,-23.67682006939828,0.08645127103041783,18452
755252,1.5,1,862.532421880303,962.532421880303,56.0,-15.784546712932185,0.03965829225900339,19022
755252,1.5,2,962.532421880303,1062.532421880303,48.0,-11.83841003469914,0.07818929980507168,18467
755252,1.5,3,1062.532421880303,1162.532421880303,60.0,-19.730683391165233,0.066184053857475,19242
755252,1.5,4,1162.532421880303,1262.532421880303,60.0,-23.67682006939828,0.04556064181196464,17880
755252,1.6,0,762.532421880303,862.532421880303,56.0,-27.622956747631324,0.07444950486122182,19424
755252,1.6,1,862.532421880303,962.532421880303,52.0,-19.730683391165233,0.04571802403942034,20051
755252,1.6,2,962.532421880303,1062.532421880303,40.0,-15.784546712932185,0.07488943757096989,19444
755252,1.6,3,1062.532421880303,1162.532421880303,56.0,-19.730683391165233,0.0864035370981801,20296
755252,1.6,4,1162.532421880303,1262.532421880303,60.0,-27.622956747631324,0.06841310791074359,18653
755252,1.7000000000000002,0,762.532421880303,862.532421880303,60.0,-39.461366782330465,0.048914498278190804,20344
755252,1.7000000000000002,1,862.532421880303,962.532421880303,60.0,-35.51523010409742,0.044575318931917476,20961
755252,1.7000000000000002,2,962.532421880303,1062.532421880303,60.0,-39.461366782330465,0.049632805229822816,20392
755252,1.7000000000000002,3,1062.532421880303,1162.532421880303,40.0,-19.730683391165233,0.08088943338181866,21585
755252,1.7000000000000002,4,1162.532421880303,1262.532421880303,60.0,-27.622956747631324,0.09702048396979868,19492
755252,1.8000000000000003,0,762.532421880303,862.532421880303,60.0,-39.461366782330465,0.07741132045035604,21358
755252,1.8000000000000003,1,862.532421880303,962.532421880303,52.0,-39.461366782330465,0.06325985479201084,21812
755252,1.8000000000000003,2,962.532421880303,1062.532421880303,60.0,-39.461366782330465,0.09848467974324598,21245
755252,1.8000000000000003,3,1062.532421880303,1162.532421880303,60.0,-31.56909342586437,0.05440526202852376,22790
755252,1.8000000000000003,4,1162.532421880303,1262.532421880303,60.0,-31.56909342586437,0.08292078075574384,20420
755252,1.9000000000000004,0,762.532421880303,862.532421880303,44.0,-39.461366782330465,0.06858079900239784,22377
755252,1.9000000000000004,1,862.532421880303,962.532421880303,60.0,-39.461366782330465,0.05547506656286488,22680
755252,1.9000000000000004,2,962.532421880303,1062.532421880303,60.0,-39.461366782330465,0.09149208270841713,22066
755252,1.9000000000000004,3,1062.532421880303,1162.532421880303,56.0,-39.461366782330465,0.08064616915856904,23899
755252,1.9000000000000004,4,1162.532421880303,1262.532421880303,44.0,-31.56909342586437,0.11065889561463495,21112
755252,2.0000000000000004,0,762.532421880303,862.532421880303,60.0,-39.461366782330465,0.0725869200966269,23351
755252,2.0000000000000004,1,862.532421880303,962.532421880303,48.0,-39.461366782330465,0.06943973049799611,24001
755252,2.0000000000000004,2,962.532421880303,1062.532421880303,48.0,-39.461366782330465,0.11207317053010525,23147
755252,2.0000000000000004,3,1062.532421880303,1162.532421880303,44.0,-39.461366782330465,0.11834758277842293,25025
755252,2.0000000000000004,4,1162.532421880303,1262.532421880303,48.0,-39.461366782330465,0.1335858802895263,21929
755252,2.1000000000000005,0,762.532421880303,862.532421880303,44.0,-39.461366782330465,0.08312444581682107,24203
755252,2.1000000000000005,1,862.532421880303,962.532421880303,28.0,-39.461366782330465,0.07954796345752557,25298
755252,2.1000000000000005,2,962.532421880303,1062.532421880303,28.0,-39.461366782330465,0.1087762868726033,24211
755252,2.1000000000000005,3,1062.532421880303,1162.532421880303,24.0,-39.461366782330465,0.11907135771103712,26071
755252,2.1000000000000005,4,1162.532421880303,1262.532421880303,28.0,-39.461366782330465,0.1491319751763156,22798
755252,2.2000000000000006,0,762.532421880303,862.532421880303,24.0,-39.461366782330465,0.0819978405352645,25144
755252,2.2000000000000006,1,862.532421880303,962.532421880303,16.0,-39.461366782330465,0.07161915987453567,26460
755252,2.2000000000000006,2,962.532421880303,1062.532421880303,12.0,-39.461366782330465,0.09033944662956174,25229
755252,2.2000000000000006,3,1062.532421880303,1162.532421880303,4.0,-39.461366782330465,0.10152021256851224,27049
755252,2.2000000000000006,4,1162.532421880303,1262.532421880303,12.0,-39.461366782330465,0.14486420772933675,23516
755252,2.3000000000000007,0,762.532421880303,862.532421880303,12.0,-39.461366782330465,0.08280651728880126,26026
755252,2.3000000000000007,1,862.532421880303,962.532421880303,-8.0,-39.461366782330465,0.06903224323451279,27517
755252,2.3000000000000007,2,962.532421880303,1062.532421880303,-32.0,-39.461366782330465,0.0998167862736583,26251
755252,2.3000000000000007,3,1062.532421880303,1162.532421880303,-16.0,-39.461366782330465,0.06782513363891245,27821
755252,2.3000000000000007,4,1162.532421880303,1262.532421880303,-8.0,-39.461366782330465,0.11419304988566531,24278
755252,2.400000000000001,0,762.532421880303,862.532421880303,-44.0,-39.461366782330465,0.07221924262893416,27093
755252,2.400000000000001,1,862.532421880303,962.532421880303,-28.0,-39.461366782330465,0.06655774839565626,28515
755252,2.400000000000001,2,962.532421880303,1062.532421880303,-44.0,-39.461366782330465,0.09117098423871757,27373
755252,2.400000000000001,3,1062.532421880303,1162.532421880303,-12.0,-39.461366782330465,0.060180192662059685,28735
755252,2.400000000000001,4,1162.532421880303,1262.532421880303,-16.0,-39.461366782330465,0.09558862696830055,24971
755252,2.500000000000001,0,762.532421880303,862.532421880303,-52.0,-39.461366782330465,0.07378651840449842,28079
755252,2.500000000000001,1,862.532421880303,962.532421880303,4.0,-35.51523010409742,0.06365613417840885,29525
755252,2.500000000000001,2,962.532421880303,1062.532421880303,-60.0,-39.461366782330465,0.08471293752696182,28468
755252,2.500000000000001,3,1062.532421880303,1162.532421880303,-8.0,-35.51523010409742,0.0777884239840344,29823
755252,2.500000000000001,4,1162.532421880303,1262.532421880303,-40.0,-35.51523010409742,0.08511653023462032,25696
755252,2.600000000000001,0,762.532421880303,862.532421880303,-60.0,-39.461366782330465,0.0702082845845833,29233
755252,2.600000000000001,1,862.532421880303,962.532421880303,-16.0,-39.461366782330465,0.05277899264800003,30585
755252,2.600000000000001,2,962.532421880303,1062.532421880303,-60.0,-39.461366782330465,0.06668030685880696,29540
755252,2.600000000000001,3,1062.532421880303,1162.532421880303,-28.0,-35.51523010409742,0.05650595554996162,30928
755252,2.600000000000001,4,1162.532421880303,1262.532421880303,-60.0,-39.461366782330465,0.05880293232124774,26619
755252,2.700000000000001,0,762.532421880303,862.532421880303,-4.0,-39.461366782330465,0.05519001432409217,30224
755252,2.700000000000001,1,862.532421880303,962.532421880303,-36.0,-39.461366782330465,0.04119086484244448,31653
755252,2.700000000000001,2,962.532421880303,1062.532421880303,0.0,-27.622956747631324,0.09581740692896154,30652
755252,2.700000000000001,3,1062.532421880303,1162.532421880303,-12.0,-39.461366782330465,0.05219396610832911,31889
755252,2.700000000000001,4,1162.532421880303,1262.532421880303,-28.0,-39.461366782330465,0.10142624814526345,27638
755252,2.800000000000001,0,762.532421880303,862.532421880303,-28.0,-35.51523010409742,0.06393507605872051,31402
755252,2.800000000000001,1,862.532421880303,962.532421880303,4.0,-27.622956747631324,0.05593395258056135,32595
755252,2.800000000000001,2,962.532421880303,1062.532421880303,-12.0,-27.622956747631324,0.09395448412774746,31582
755252,2.800000000000001,3,1062.532421880303,1162.532421880303,-8.0,-39.461366782330465,0.05399363539724866,33006
755252,2.800000000000001,4,1162.532421880303,1262.532421880303,-44.0,-39.461366782330465,0.09319022940189614,28653
755252,2.9000000000000012,0,762.532421880303,862.532421880303,-44.0,-35.51523010409742,0.06557072624096946,32366
755252,2.9000000000000012,1,862.532421880303,962.532421880303,-12.0,-27.622956747631324,0.0595900629213325,33638
755252,2.9000000000000012,2,962.532421880303,1062.532421880303,-28.0,-27.622956747631324,0.08771881773806971,32573
755252,2.9000000000000012,3,1062.532421880303,1162.532421880303,-24.0,-39.461366782330465,0.054190069867183124,34158
755252,2.9000000000000012,4,1162.532421880303,1262.532421880303,-60.0,-39.461366782330465,0.07279952800785064,29848
755252,3.0000000000000013,0,762.532421880303,862.532421880303,-56.0,-39.461366782330465,0.0561671656679765,33336
755252,3.0000000000000013,1,862.532421880303,962.532421880303,-24.0,-27.622956747631324,0.05353205378347129,34715
755252,3.0000000000000013,2,962.532421880303,1062.532421880303,-28.0,-35.51523010409742,0.08951853092528289,33432
755252,3.0000000000000013,3,1062.532421880303,1162.532421880303,-36.0,-39.461366782330465,0.05178175240788967,35215
755252,3.0000000000000013,4,1162.532421880303,1262.532421880303,-56.0,-39.461366782330465,0.05785023962290937,30762
755252,3.1000000000000014,0,762.532421880303,862.532421880303,-60.0,-35.51523010409742,0.05175948815197724,34449
755252,3.1000000000000014,1,862.532421880303,962.532421880303,-32.0,-23.67682006939828,0.04736096894342025,35842
755252,3.1000000000000014,2,962.532421880303,1062.532421880303,-44.0,-35.51523010409742,0.08522518357654787,34364
755252,3.1000000000000014,3,1062.532421880303,1162.532421880303,-48.0,-39.461366782330465,0.04839345212734729,36007
755252,3.1000000000000014,4,1162.532421880303,1262.532421880303,-56.0,-39.461366782330465,0.04967723246553026,31558
755252,3.2000000000000015,0,762.532421880303,862.532421880303,-60.0,-39.461366782330465,0.029159928084646566,35093
755252,3.2000000000000015,1,862.532421880303,962.532421880303,-44.0,-27.622956747631324,0.044455191846512705,36731
755252,3.2000000000000015,2,962.532421880303,1062.532421880303,-8.0,-3.9461366782330463,0.05291427060333974,35018
755252,3.2000000000000015,3,1062.532421880303,1162.532421880303,-56.0,-39.461366782330465,0.03344057698325622,36371
755252,3.2000000000000015,4,1162.532421880303,1262.532421880303,-60.0,-39.461366782330465,0.041193872898484286,32386
755252,3.3000000000000016,0,762.532421880303,862.532421880303,-60.0,-39.461366782330465,0.013801389014323257,35435
755252,3.3000000000000016,1,862.532421880303,962.532421880303,-60.0,-27.622956747631324,0.0410502044886877,37635
755252,3.3000000000000016,2,962.532421880303,1062.532421880303,-20.0,-3.9461366782330463,0.04875534006779952,35956
755252,3.3000000000000016,3,1062.532421880303,1162.532421880303,-60.0,-39.461366782330465,0.027595752710970062,36719
755252,3.3000000000000016,4,1162.532421880303,1262.532421880303,-60.0,-39.461366782330465,0.02848446232683299,32613
755252,3.4000000000000017,0,762.532421880303,862.532421880303,-60.0,-39.461366782330465,0.010454721056845485,35533
755252,3.4000000000000017,1,862.532421880303,962.532421880303,-60.0,-19.730683391165233,0.03551162247149038,38083
755252,3.4000000000000017,2,962.532421880303,1062.532421880303,-36.0,-3.9461366782330463,0.038812911339886,36383
755252,3.4000000000000017,3,1062.532421880303,1162.532421880303,-60.0,-39.461366782330465,0.00949048704409415,36519
755252,3.4000000000000017,4,1162.532421880303,1262.532421880303,28.0,27.622956747631324,0.03336314913305069,31786
755252,3.5000000000000018,0,762.532421880303,862.532421880303,-8.0,-35.51523010409742,0.02289444640084411,35232
755252,3.5000000000000018,1,862.532421880303,962.532421880303,-60.0,-15.784546712932185,0.029645726293318304,37972
755252,3.5000000000000018,2,962.532421880303,1062.532421880303,-20.0,-7.8922733564660925,0.0409878806151271,36456
755252,3.5000000000000018,3,1062.532421880303,1162.532421880303,-60.0,-39.461366782330465,0.007094964940516686,36312
755252,3.5000000000000018,4,1162.532421880303,1262.532421880303,8.0,15.784546712932185,0.02525480634054171,32084
755252,3.600000000000002,0,762.532421880303,862.532421880303,-20.0,-35.51523010409742,0.021293689366009932,35363
755252,3.600000000000002,1,862.532421880303,962.532421880303,-44.0,0.0,0.04522816964252768,38087
755252,3.600000000000002,2,962.532421880303,1062.532421880303,-36.0,-7.8922733564660925,0.0357535961944971,36619
755252,3.600000000000002,3,1062.532421880303,1162.532421880303,-60.0,-39.461366782330465,-0.005928568702396813,36178
755252,3.600000000000002,4,1162.532421880303,1262.532421880303,-40.0,11.83841003469914,0.02207822957604197,32723
755252,3.700000000000002,0,762.532421880303,862.532421880303,-40.0,-35.51523010409742,0.021872522312835853,35482
755252,3.700000000000002,1,862.532421880303,962.532421880303,-60.0,0.0,0.04975489415196331,38346
755252,3.700000000000002,2,962.532421880303,1062.532421880303,-52.0,-7.8922733564660925,0.03339464030481988,37077
755252,3.700000000000002,3,1062.532421880303,1162.532421880303,60.0,-15.784546712932185,0.012851714270811887,34123
755252,3.700000000000002,4,1162.532421880303,1262.532421880303,-48.0,11.83841003469914,0.019557474059585533,32782
755252,3.800000000000002,0,762.532421880303,862.532421880303,-60.0,-35.51523010409742,0.026905125088172055,35574
755252,3.800000000000002,1,862.532421880303,962.532421880303,-60.0,0.0,0.04437753310958793,38527
755252,3.800000000000002,2,962.532421880303,1062.532421880303,-60.0,-7.8922733564660925,0.03297989619962719,37109
755252,3.800000000000002,3,1062.532421880303,1162.532421880303,-32.0,-11.83841003469914,0.025938535401477697,36029
755252,3.800000000000002,4,1162.532421880303,1262.532421880303,36.0,23.67682006939828,0.015648221774747586,32253
755252,3.900000000000002,0,762.532421880303,862.532421880303,-60.0,-35.51523010409742,0.02561488698071341,35373
755252,3.900000000000002,1,862.532421880303,962.532421880303,-48.0,39.461366782330465,0.033238128442247244,38170
755252,3.900000000000002,2,962.532421880303,1062.532421880303,-60.0,-7.8922733564660925,0.03608613370890926,37482
755252,3.900000000000002,3,1062.532421880303,1162.532421880303,60.0,-19.730683391165233,0.01863142002484419,34049
755252,3.900000000000002,4,1162.532421880303,1262.532421880303,24.0,23.67682006939828,0.016207214706664273,32777
755252,4.000000000000002,0,762.532421880303,862.532421880303,-60.0,-39.461366782330465,0.02922151747068235,35274
755252,4.000000000000002,1,862.532421880303,962.532421880303,-60.0,39.461366782330465,0.03391933617228256,38338
755252,4.000000000000002,2,962.532421880303,1062.532421880303,-44.0,-19.730683391165233,0.03435287020145578,37875
755252,4.000000000000002,3,1062.532421880303,1162.532421880303,60.0,-35.51523010409742,0.027272015084407863,33918
755252,4.000000000000002,4,1162.532421880303,1262.532421880303,60.0,-31.56909342586437,0.021879920117046033,32052
767018,1.5,0,867.0552296004685,967.0552296004685,32.0,39.461366782330465,0.07442906256152285,16773
767018,1.5,1,967.0552296004685,1067.0552296004685,28.0,-15.784546712932185,0.05882481996052325,17106
767018,1.5,2,1067.0552296004685,1167.0552296004685,36.0,-19.730683391165233,0.06618994982215706,14531
767018,1.5,3,1167.0552296004685,1267.0552296004685,52.0,-35.51523010409742,0.05002967433173207,15127
767018,1.5,4,1267.0552296004685,1367.0552296004685,40.0,3.9461366782330463,0.07398135579315945,15695
767018,1.6,0,867.0552296004685,967.0552296004685,4.0,-3.9461366782330463,0.06062934646333346,17638
767018,1.6,1,967.0552296004685,1067.0552296004685,-20.0,-15.784546712932185,0.05517214261705972,17918
767018,1.6,2,1067.0552296004685,1167.0552296004685,32.0,35.51523010409742,0.0507951179401832,15288
767018,1.6,3,1167.0552296004685,1267.0552296004685,36.0,-23.67682006939828,0.0469160788045419,15766
767018,1.6,4,1267.0552296004685,1367.0552296004685,32.0,3.9461366782330463,0.04450798657781049,16442
767018,1.7000000000000002,0,867.0552296004685,967.0552296004685,8.0,-3.9461366782330463,0.05414685064977336,18475
767018,1.7000000000000002,1,967.0552296004685,1067.0552296004685,-40.0,-15.784546712932185,0.05990601334408613,18797
767018,1.7000000000000002,2,1067.0552296004685,1167.0552296004685,36.0,-3.9461366782330463,0.06774398364279563,15984
767018,1.7000000000000002,3,1167.0552296004685,1267.0552296004685,32.0,-31.56909342586437,0.06735910130691082,16412
767018,1.7000000000000002,4,1267.0552296004685,1367.0552296004685,-32.0,15.784546712932185,0.07783065027505247,17138
767018,1.8000000000000003,0,867.0552296004685,967.0552296004685,-12.0,-7.8922733564660925,0.07005521643846097,19252
767018,1.8000000000000003,1,967.0552296004685,1067.0552296004685,24.0,39.461366782330465,0.062188530078408535,19550
767018,1.8000000000000003,2,1067.0552296004685,1167.0552296004685,48.0,0.0,0.06625639990805127,16717
767018,1.8000000000000003,3,1167.0552296004685,1267.0552296004685,4.0,-27.622956747631324,0.0750944915925987,16993
767018,1.8000000000000003,4,1267.0552296004685,1367.0552296004685,-48.0,11.83841003469914,0.06221485186835571,17874
767018,1.9000000000000004,0,867.0552296004685,967.0552296004685,-36.0,-7.8922733564660925,0.07437080955310782,19748
767018,1.9000000000000004,1,967.0552296004685,1067.0552296004685,60.0,3.9461366782330463,0.05972131664772334,20262
767018,1.9000000000000004,2,1067.0552296004685,1167.0552296004685,60.0,-11.83841003469914,0.04960467226762626,17545
767018,1.9000000000000004,3,1167.0552296004685,1267.0552296004685,-12.0,-27.622956747631324,0.07892396424198198,17665
767018,1.9000000000000004,4,1267.0552296004685,1367.0552296004685,-8.0,-39.461366782330465,0.0457084764802807,18542
767018,2.0000000000000004,0,867.0552296004685,967.0552296004685,-44.0,-15.784546712932185,0.08130674317113332,20539
767018,2.0000000000000004,1,967.0552296004685,1067.0552296004685,48.0,3.9461366782330463,0.07870543911066033,21061
767018,2.0000000000000004,2,1067.0552296004685,1167.0552296004685,48.0,-15.784546712932185,0.05089268250178114,18226
767018,2.0000000000000004,3,1167.0552296004685,1267.0552296004685,-28.0,-27.622956747631324,0.08904078931119382,18382
767018,2.0000000000000004,4,1267.0552296004685,1367.0552296004685,-16.0,-39.461366782330465,0.051956845472345026,19101
767018,2.1000000000000005,0,867.0552296004685,967.0552296004685,-60.0,-15.784546712932185,0.06628010148823218,21152
767018,2.1000000000000005,1,967.0552296004685,1067.0552296004685,32.0,3.9461366782330463,0.06576803956389846,21866
767018,2.1000000000000005,2,1067.0552296004685,1167.0552296004685,36.0,-15.784546712932185,0.04088058190258767,18923
767018,2.1000000000000005,3,1167.0552296004685,1267.0552296004685,-48.0,-27.622956747631324,0.10728501073958126,19052
767018,2.1000000000000005,4,1267.0552296004685,1367.0552296004685,60.0,-31.56909342586437,0.04080048286213115,19841
767018,2.2000000000000006,0,867.0552296004685,967.0552296004685,-4.0,11.83841003469914,0.051112665801403966,21766
767018,2.2000000000000006,1,967.0552296004685,1067.0552296004685,60.0,-19.730683391165233,0.04723538230889617,22616
767018,2.2000000000000006,2,1067.0552296004685,1167.0552296004685,-12.0,-11.83841003469914,0.06699795613269077,19677
767018,2.2000000000000006,3,1167.0552296004685,1267.0552296004685,-60.0,-27.622956747631324,0.0933513075483899,19776
767018,2.2000000000000006,4,1267.0552296004685,1367.0552296004685,-28.0,-39.461366782330465,0.07839329283837515,20465
767018,2.3000000000000007,0,867.0552296004685,967.0552296004685,-24.0,7.8922733564660925,0.058993710545723,22437
767018,2.3000000000000007,1,967.0552296004685,1067.0552296004685,-20.0,-39.461366782330465,0.06340304352946671,23331
767018,2.3000000000000007,2,1067.0552296004685,1167.0552296004685,-24.0,-15.784546712932185,0.06522059310864625,20351
767018,2.3000000000000007,3,1167.0552296004685,1267.0552296004685,0.0,-7.8922733564660925,0.039480773099253914,20459
767018,2.3000000000000007,4,1267.0552296004685,1367.0552296004685,-52.0,-39.461366782330465,0.06859393736735483,21198
767018,2.400000000000001,0,867.0552296004685,967.0552296004685,-40.0,7.8922733564660925,0.06747845965171584,23212
767018,2.400000000000001,1,967.0552296004685,1067.0552296004685,-40.0,-39.461366782330465,0.08379822487003775,24084
767018,2.400000000000001,2,1067.0552296004685,1167.0552296004685,56.0,0.0,0.07351392955556416,21041
767018,2.400000000000001,3,1167.0552296004685,1267.0552296004685,-16.0,-15.784546712932185,0.05866610409006049,21129
767018,2.400000000000001,4,1267.0552296004685,1367.0552296004685,60.0,-39.461366782330465,0.03421298985622442,21874
767018,2.500000000000001,0,867.0552296004685,967.0552296004685,-60.0,3.9461366782330463,0.06991479553404274,23946
767018,2.500000000000001,1,967.0552296004685,1067.0552296004685,-60.0,-39.461366782330465,0.07811443442748191,24778
767018,2.500000000000001,2,1067.0552296004685,1167.0552296004685,44.0,0.0,0.08526078381449793,21783
767018,2.500000000000001,3,1167.0552296004685,1267.0552296004685,-40.0,35.51523010409742,0.06434449576177044,21678
767018,2.500000000000001,4,1267.0552296004685,1367.0552296004685,60.0,-11.83841003469914,0.036663473044045616,22596
767018,2.600000000000001,0,867.0552296004685,967.0552296004685,-60.0,3.9461366782330463,0.031389933777281734,24563
767018,2.600000000000001,1,967.0552296004685,1067.0552296004685,-16.0,-23.67682006939828,0.04085549096283879,25443
767018,2.600000000000001,2,1067.0552296004685,1167.0552296004685,40.0,-7.8922733564660925,0.07374374991554818,22564
767018,2.600000000000001,3,1167.0552296004685,1267.0552296004685,-56.0,31.56909342586437,0.06977005479768296,22501
767018,2.600000000000001,4,1267.0552296004685,1367.0552296004685,60.0,-11.83841003469914,0.03852682646298451,23220
767018,2.700000000000001,0,867.0552296004685,967.0552296004685,60.0,-19.730683391165233,0.04643322017298899,25291
767018,2.700000000000001,1,967.0552296004685,1067.0552296004685,60.0,0.0,0.04465230935903391,25902
767018,2.700000000000001,2,1067.0552296004685,1167.0552296004685,36.0,-11.83841003469914,0.060342628691060565,23392
767018,2.700000000000001,3,1167.0552296004685,1267.0552296004685,-32.0,-39.461366782330465,0.04078133169761475,23256
767018,2.700000000000001,4,1267.0552296004685,1367.0552296004685,60.0,-7.8922733564660925,0.038991746954291896,23903
767018,2.800000000000001,0,867.0552296004685,967.0552296004685,60.0,-19.730683391165233,0.046610150670507,25848
767018,2.800000000000001,1,967.0552296004685,1067.0552296004685,56.0,0.0,0.04215870735588311,26544
767018,2.800000000000001,2,1067.0552296004685,1167.0552296004685,40.0,0.0,0.06289259066427441,24058
767018,2.800000000000001,3,1167.0552296004685,1267.0552296004685,-52.0,-39.461366782330465,0.03785150473577725,24003
767018,2.800000000000001,4,1267.0552296004685,1367.0552296004685,56.0,-7.8922733564660925,0.05389308410096455,24637
767018,2.9000000000000012,0,867.0552296004685,967.0552296004685,60.0,-19.730683391165233,0.05239830414311719,25839
767018,2.9000000000000012,1,967.0552296004685,1067.0552296004685,60.0,3.9461366782330463,0.045982934198715866,26833
767018,2.9000000000000012,2,1067.0552296004685,1167.0552296004685,60.0,-7.8922733564660925,0.050481159309615956,24663
767018,2.9000000000000012,3,1167.0552296004685,1267.0552296004685,-48.0,-23.67682006939828,0.05127277222013515,24633
767018,2.9000000000000012,4,1267.0552296004685,1367.0552296004685,52.0,-7.8922733564660925,0.06794744038916875,25107
767018,3.0000000000000013,0,867.0552296004685,967.0552296004685,56.0,-23.67682006939828,0.05723255178719274,26166
767018,3.0000000000000013,1,967.0552296004685,1067.0552296004685,60.0,0.0,0.06480225871303116,27475
767018,3.0000000000000013,2,1067.0552296004685,1167.0552296004685,52.0,-3.9461366782330463,0.05726624907990713,25389
767018,3.0000000000000013,3,1167.0552296004685,1267.0552296004685,60.0,-3.9461366782330463,0.06635857451755492,25447
767018,3.0000000000000013,4,1267.0552296004685,1367.0552296004685,40.0,-7.8922733564660925,0.07624209711650252,25705
767018,3.1000000000000014,0,867.0552296004685,967.0552296004685,40.0,-19.730683391165233,0.05504596156814978,26557
767018,3.1000000000000014,1,967.0552296004685,1067.0552296004685,60.0,3.9461366782330463,0.07706260650316306,28281
767018,3.1000000000000014,2,1067.0552296004685,1167.0552296004685,52.0,0.0,0.07243293395982084,26013
767018,3.1000000000000014,3,1167.0552296004685,1267.0552296004685,56.0,-7.8922733564660925,0.07460293572472688,26139
767018,3.1000000000000014,4,1267.0552296004685,1367.0552296004685,36.0,-7.8922733564660925,0.07213713268544754,26110
767018,3.2000000000000015,0,867.0552296004685,967.0552296004685,60.0,7.8922733564660925,0.07280126450503899,27180
767018,3.2000000000000015,1,967.0552296004685,1067.0552296004685,60.0,3.9461366782330463,0.09062042230264188,28846
767018,3.2000000000000015,2,1067.0552296004685,1167.0552296004685,32.0,-3.9461366782330463,0.0839490268715434,26811
767018,3.2000000000000015,3,1167.0552296004685,1267.0552296004685,36.0,-3.9461366782330463,0.06953022292596964,26826
767018,3.2000000000000015,4,1267.0552296004685,1367.0552296004685,28.0,-7.8922733564660925,0.08623355504483864,26420
767018,3.3000000000000016,0,867.0552296004685,967.0552296004685,60.0,7.8922733564660925,0.07789229436971881,27677
767018,3.3000000000000016,1,967.0552296004685,1067.0552296004685,60.0,3.9461366782330463,0.10504193419841394,29398
767018,3.3000000000000016,2,1067.0552296004685,1167.0552296004685,60.0,3.9461366782330463,0.07948717921836258,27163
767018,3.3000000000000016,3,1167.0552296004685,1267.0552296004685,60.0,-3.9461366782330463,0.09021732684909617,27105
767018,3.3000000000000016,4,1267.0552296004685,1367.0552296004685,24.0,-3.9461366782330463,0.09415121768724748,27079
767018,3.4000000000000017,0,867.0552296004685,967.0552296004685,60.0,7.8922733564660925,0.11154622413879474,27983
767018,3.4000000000000017,1,967.0552296004685,1067.0552296004685,60.0,3.9461366782330463,0.1281456574985201,29893
767018,3.4000000000000017,2,1067.0552296004685,1167.0552296004685,56.0,3.9461366782330463,0.11448289490998634,27270
767018,3.4000000000000017,3,1167.0552296004685,1267.0552296004685,52.0,-3.9461366782330463,0.11338412082346049,27455
767018,3.4000000000000017,4,1267.0552296004685,1367.0552296004685,24.0,-7.8922733564660925,0.10919680100811027,27784
767018,3.5000000000000018,0,867.0552296004685,967.0552296004685,56.0,7.8922733564660925,0.12490020586191863,28206
767018,3.5000000000000018,1,967.0552296004685,1067.0552296004685,40.0,3.9461366782330463,0.13781416783417372,30553
767018,3.5000000000000018,2,1067.0552296004685,1167.0552296004685,40.0,3.9461366782330463,0.12688345803134593,27745
767018,3.5000000000000018,3,1167.0552296004685,1267.0552296004685,32.0,-3.9461366782330463,0.12566367642777024,28198
767018,3.5000000000000018,4,1267.0552296004685,1367.0552296004685,16.0,-7.8922733564660925,0.13154840848808505,28359
767018,3.600000000000002,0,867.0552296004685,967.0552296004685,40.0,7.8922733564660925,0.1199797703997544,28666
767018,3.600000000000002,1,967.0552296004685,1067.0552296004685,24.0,3.9461366782330463,0.14727442032773871,31126
767018,3.600000000000002,2,1067.0552296004685,1167.0552296004685,24.0,3.9461366782330463,0.13442579223861414,28131
767018,3.600000000000002,3,1167.0552296004685,1267.0552296004685,20.0,-3.9461366782330463,0.13158993957579407,28752
767018,3.600000000000002,4,1267.0552296004685,1367.0552296004685,0.0,-7.8922733564660925,0.1449430402179962,29036
767018,3.700000000000002,0,867.0552296004685,967.0552296004685,28.0,7.8922733564660925,0.12158904432839805,29097
767018,3.700000000000002,1,967.0552296004685,1067.0552296004685,4.0,3.9461366782330463,0.15033852991867522,31824
767018,3.700000000000002,2,1067.0552296004685,1167.0552296004685,8.0,0.0,0.1291454401249693,28435
767018,3.700000000000002,3,1167.0552296004685,1267.0552296004685,4.0,-3.9461366782330463,0.12533195312828996,29244
767018,3.700000000000002,4,1267.0552296004685,1367.0552296004685,-12.0,-7.8922733564660925,0.14684544783304135,29647
767018,3.800000000000002,0,867.0552296004685,967.0552296004685,8.0,7.8922733564660925,0.1176879549052794,29713
767018,3.800000000000002,1,967.0552296004685,1067.0552296004685,-12.0,3.9461366782330463,0.15319497598748694,32294
767018,3.800000000000002,2,1067.0552296004685,1167.0552296004685,-16.0,0.0,0.12997553927156202,28812
767018,3.800000000000002,3,1167.0552296004685,1267.0552296004685,-8.0,-3.9461366782330463,0.11628991567573377,29566
767018,3.800000000000002,4,1267.0552296004685,1367.0552296004685,-24.0,-7.8922733564660925,0.13195425590148127,30217
767018,3.900000000000002,0,867.0552296004685,967.0552296004685,-4.0,7.8922733564660925,0.1141334918175408,29738
767018,3.900000000000002,1,967.0552296004685,1067.0552296004685,-32.0,3.9461366782330463,0.14845073068384992,32278
767018,3.900000000000002,2,1067.0552296004685,1167.0552296004685,-28.0,0.0,0.12299616186263602,28682
767018,3.900000000000002,3,1167.0552296004685,1267.0552296004685,-28.0,-3.9461366782330463,0.10616520572056944,29648
767018,3.900000000000002,4,1267.0552296004685,1367.0552296004685,-40.0,-7.8922733564660925,0.10400185080653658,30522
767018,4.000000000000002,0,867.0552296004685,967.0552296004685,-8.0,7.8922733564660925,0.11616372313727273,29403
767018,4.000000000000002,1,967.0552296004685,1067.0552296004685,-44.0,3.9461366782330463,0.1441220024225914,32615
767018,4.000000000000002,2,1067.0552296004685,1167.0552296004685,-40.0,0.0,0.10878028206952951,28524
767018,4.000000000000002,3,1167.0552296004685,1267.0552296004685,-48.0,-7.8922733564660925,0.10271986031680735,29696
767018,4.000000000000002,4,1267.0552296004685,1367.0552296004685,-56.0,-11.83841003469914,0.0949801388641716,30614
767022,1.5,0,824.3241013822001,924.3241013822001,16.0,-11.83841003469914,0.05919367367922537,21077
767022,1.5,1,924.3241013822001,1024.3241013822,60.0,39.461366782330465,0.08116065876920187,19437
767022,1.5,2,1024.3241013822,1124.3241013822,56.0,-7.8922733564660925,0.04969283420546029,18488
767022,1.5,3,1124.3241013822,1224.3241013822,28.0,19.730683391165233,0.0539562052162874,21569
767022,1.5,4,1224.3241013822,1324.3241013822,60.0,0.0,0.03671607772050299,19903
767022,1.6,0,824.3241013822001,924.3241013822001,60.0,-27.622956747631324,0.03926125502164564,22263
767022,1.6,1,924.3241013822001,1024.3241013822,40.0,39.461366782330465,0.06874873749957204,20460
767022,1.6,2,1024.3241013822,1124.3241013822,28.0,-7.8922733564660925,0.06239398073075307,19435
767022,1.6,3,1124.3241013822,1224.3241013822,44.0,-27.622956747631324,0.047314837382949095,22801
767022,1.6,4,1224.3241013822,1324.3241013822,60.0,0.0,0.027839027469943548,21098
767022,1.7000000000000002,0,824.3241013822001,924.3241013822001,60.0,3.9461366782330463,0.04616884560076006,23396
767022,1.7000000000000002,1,924.3241013822001,1024.3241013822,44.0,-39.461366782330465,0.05236629611400052,21459
767022,1.7000000000000002,2,1024.3241013822,1124.3241013822,60.0,11.83841003469914,0.039879491029183346,20421
767022,1.7000000000000002,3,1124.3241013822,1224.3241013822,60.0,-39.461366782330465,0.029466999292521917,23999
767022,1.7000000000000002,4,1224.3241013822,1324.3241013822,44.0,-3.9461366782330463,0.060684113794221436,22255
767022,1.8000000000000003,0,824.3241013822001,924.3241013822001,56.0,0.0,0.05518659954563855,24535
767022,1.8000000000000003,1,924.3241013822001,1024.3241013822,60.0,3.9461366782330463,0.04614424917132276,22485
767022,1.8000000000000003,2,1024.3241013822,1124.3241013822,60.0,7.8922733564660925,0.06709452242337413,21397
767022,1.8000000000000003,3,1124.3241013822,1224.3241013822,60.0,-11.83841003469914,0.029982988422102952,25145
767022,1.8000000000000003,4,1224.3241013822,1324.3241013822,56.0,0.0,0.05627104332714791,23406
767022,1.9000000000000004,0,824.3241013822001,924.3241013822001,44.0,0.0,0.05066366931019989,25588
767022,1.9000000000000004,1,924.3241013822001,1024.3241013822,56.0,-19.730683391165233,0.057865887156289555,23562
767022,1.9000000000000004,2,1024.3241013822,1124.3241013822,60.0,-11.83841003469914,0.0615162352808887,22279
767022,1.9000000000000004,3,1124.3241013822,1224.3241013822,60.0,-11.83841003469914,0.0398219785414421,26308
767022,1.9000000000000004,4,1224.3241013822,1324.3241013822,32.0,0.0,0.06251518845426353,24362
767022,2.0000000000000004,0,824.3241013822001,924.3241013822001,60.0,-11.83841003469914,0.0566095471372524,26606
767022,2.0000000000000004,1,924.3241013822001,1024.3241013822,60.0,-15.784546712932185,0.06780678486820993,24623
767022,2.0000000000000004,2,1024.3241013822,1124.3241013822,48.0,-11.83841003469914,0.05778652400353874,23375
767022,2.0000000000000004,3,1124.3241013822,1224.3241013822,60.0,-7.8922733564660925,0.08317282546012855,27467
767022,2.0000000000000004,4,1224.3241013822,1324.3241013822,56.0,-15.784546712932185,0.07053792316067405,25430
767022,2.1000000000000005,0,824.3241013822001,924.3241013822001,60.0,-11.83841003469914,0.09465216793606414,27678
767022,2.1000000000000005,1,924.3241013822001,1024.3241013822,60.0,-3.9461366782330463,0.07805721415134798,25559
767022,2.1000000000000005,2,1024.3241013822,1124.3241013822,36.0,-15.784546712932185,0.07756668610432244,24450
767022,2.1000000000000005,3,1124.3241013822,1224.3241013822,52.0,-7.8922733564660925,0.08975152932409593,28713
767022,2.1000000000000005,4,1224.3241013822,1324.3241013822,28.0,-15.784546712932185,0.0654453539115282,26414
767022,2.2000000000000006,0,824.3241013822001,924.3241013822001,44.0,-11.83841003469914,0.09712786693444854,28842
767022,2.2000000000000006,1,924.3241013822001,1024.3241013822,56.0,-3.9461366782330463,0.1030013610227693,26632
767022,2.2000000000000006,2,1024.3241013822,1124.3241013822,32.0,-15.784546712932185,0.08640676650526877,25471
767022,2.2000000000000006,3,1124.3241013822,1224.3241013822,40.0,-11.83841003469914,0.09045999480212868,29962
767022,2.2000000000000006,4,1224.3241013822,1324.3241013822,60.0,11.83841003469914,0.11527062936755852,27251
767022,2.3000000000000007,0,824.3241013822001,924.3241013822001,56.0,7.8922733564660925,0.1170309474586236,29839
767022,2.3000000000000007,1,924.3241013822001,1024.3241013822,48.0,0.0,0.12462148392285827,27629
767022,2.3000000000000007,2,1024.3241013822,1124.3241013822,56.0,7.8922733564660925,0.08914936148036581,26449
767022,2.3000000000000007,3,1124.3241013822,1224.3241013822,40.0,-7.8922733564660925,0.10907677013114238,31179
767022,2.3000000000000007,4,1224.3241013822,1324.3241013822,52.0,11.83841003469914,0.13300417336003995,28202
767022,2.400000000000001,0,824.3241013822001,924.3241013822001,36.0,7.8922733564660925,0.12788822152246315,30929
767022,2.400000000000001,1,924.3241013822001,1024.3241013822,36.0,0.0,0.14221471094377172,28569
767022,2.400000000000001,2,1024.3241013822,1124.3241013822,28.0,7.8922733564660925,0.10845604950460837,27530
767022,2.400000000000001,3,1124.3241013822,1224.3241013822,24.0,-7.8922733564660925,0.1128184456370275,32439
767022,2.400000000000001,4,1224.3241013822,1324.3241013822,28.0,11.83841003469914,0.1460161275769684,29037
767022,2.500000000000001,0,824.3241013822001,924.3241013822001,12.0,3.9461366782330463,0.12485237505504877,31994
767022,2.500000000000001,1,924.3241013822001,1024.3241013822,16.0,0.0,0.13887765931070858,29586
767022,2.500000000000001,2,1024.3241013822,1124.3241013822,8.0,7.8922733564660925,0.1179396694194485,28431
767022,2.500000000000001,3,1124.3241013822,1224.3241013822,12.0,-7.8922733564660925,0.1125528807002113,33678
767022,2.500000000000001,4,1224.3241013822,1324.3241013822,8.0,11.83841003469914,0.14176748807784206,29927
767022,2.600000000000001,0,824.3241013822001,924.3241013822001,-12.0,3.9461366782330463,0.11598412757362467,33087
767022,2.600000000000001,1,924.3241013822001,1024.3241013822,-4.0,3.9461366782330463,0.12221639817763937,30536
767022,2.600000000000001,2,1024.3241013822,1124.3241013822,-20.0,7.8922733564660925,0.10998211174013998,29475
767022,2.600000000000001,3,1124.3241013822,1224.3241013822,-24.0,7.8922733564660925,0.10786481224233303,34873
767022,2.600000000000001,4,1224.3241013822,1324.3241013822,-20.0,11.83841003469914,0.12820125162618062,30881
767022,2.700000000000001,0,824.3241013822001,924.3241013822001,-28.0,3.9461366782330463,0.11054563502103229,34194
767022,2.700000000000001,1,924.3241013822001,1024.3241013822,-32.0,7.8922733564660925,0.11267246472803236,31519
767022,2.700000000000001,2,1024.3241013822,1124.3241013822,-52.0,7.8922733564660925,0.10153179189084122,30433
767022,2.700000000000001,3,1124.3241013822,1224.3241013822,-44.0,3.9461366782330463,0.11342941552785174,36202
767022,2.700000000000001,4,1224.3241013822,1324.3241013822,-52.0,11.83841003469914,0.1162232778704586,31917
767022,2.800000000000001,0,824.3241013822001,924.3241013822001,-48.0,3.9461366782330463,0.09719360149545227,35346
767022,2.800000000000001,1,924.3241013822001,1024.3241013822,-60.0,7.8922733564660925,0.10618950170886124,32578
767022,2.800000000000001,2,1024.3241013822,1124.3241013822,-60.0,3.9461366782330463,0.08539338728561204,31400
767022,2.800000000000001,3,1124.3241013822,1224.3241013822,-60.0,3.9461366782330463,0.10801801973052266,37376
767022,2.800000000000001,4,1224.3241013822,1324.3241013822,-60.0,7.8922733564660925,0.09257655372272935,32824
767022,2.9000000000000012,0,824.3241013822001,924.3241013822001,-48.0,-7.8922733564660925,0.0875642339749513,36462
767022,2.9000000000000012,1,924.3241013822001,1024.3241013822,-60.0,0.0,0.0735398579367604,33504
767022,2.9000000000000012,2,1024.3241013822,1124.3241013822,-32.0,-15.784546712932185,0.08175973907120707,32393
767022,2.9000000000000012,3,1124.3241013822,1224.3241013822,-60.0,-3.9461366782330463,0.08255757060123067,38588
767022,2.9000000000000012,4,1224.3241013822,1324.3241013822,-40.0,0.0,0.08149456448712383,33824
767022,3.0000000000000013,0,824.3241013822001,924.3241013822001,-32.0,-3.9461366782330463,0.08872420931088867,37620
767022,3.0000000000000013,1,924.3241013822001,1024.3241013822,-24.0,-7.8922733564660925,0.07703013148079946,34556
767022,3.0000000000000013,2,1024.3241013822,1124.3241013822,-56.0,-15.784546712932185,0.07599421100764725,33373
767022,3.0000000000000013,3,1124.3241013822,1224.3241013822,-48.0,-7.8922733564660925,0.08139479440340891,39987
767022,3.0000000000000013,4,1224.3241013822,1324.3241013822,-52.0,0.0,0.08491171337400615,34669
767022,3.1000000000000014,0,824.3241013822001,924.3241013822001,-44.0,-3.9461366782330463,0.07992567125611126,38809
767022,3.1000000000000014,1,924.3241013822001,1024.3241013822,-40.0,-7.8922733564660925,0.07681668042156754,35470
767022,3.1000000000000014,2,1024.3241013822,1124.3241013822,-52.0,-19.730683391165233,0.06833287469699481,34271
767022,3.1000000000000014,3,1124.3241013822,1224.3241013822,-60.0,-7.8922733564660925,0.07702298567109571,41017
767022,3.1000000000000014,4,1224.3241013822,1324.3241013822,-56.0,-15.784546712932185,0.07762313332590136,35561
767022,3.2000000000000015,0,824.3241013822001,924.3241013822001,4.0,3.9461366782330463,0.07447463766793097,38872
767022,3.2000000000000015,1,924.3241013822001,1024.3241013822,-56.0,-7.8922733564660925,0.07179007085738265,36044
767022,3.2000000000000015,2,1024.3241013822,1124.3241013822,-60.0,-19.730683391165233,0.050906136675211724,34676
767022,3.2000000000000015,3,1124.3241013822,1224.3241013822,-60.0,-11.83841003469914,0.06697513070041068,41474
767022,3.2000000000000015,4,1224.3241013822,1324.3241013822,-60.0,-15.784546712932185,0.07032592477110486,35840
767022,3.3000000000000016,0,824.3241013822001,924.3241013822001,-16.0,3.9461366782330463,0.07184662091176358,39180
767022,3.3000000000000016,1,924.3241013822001,1024.3241013822,-60.0,-7.8922733564660925,0.061116641555267956,36337
767022,3.3000000000000016,2,1024.3241013822,1124.3241013822,-60.0,-15.784546712932185,0.044531663252860135,34808
767022,3.3000000000000016,3,1124.3241013822,1224.3241013822,-60.0,-11.83841003469914,0.04136772663080331,41907
767022,3.3000000000000016,4,1224.3241013822,1324.3241013822,-60.0,-15.784546712932185,0.04788668174241032,35827
767022,3.4000000000000017,0,824.3241013822001,924.3241013822001,-32.0,3.9461366782330463,0.07164646220656701,39243
767022,3.4000000000000017,1,924.3241013822001,1024.3241013822,-60.0,-11.83841003469914,0.057925330611669615,36660
767022,3.4000000000000017,2,1024.3241013822,1124.3241013822,-60.0,-15.784546712932185,0.04538055191365372,34917
767022,3.4000000000000017,3,1124.3241013822,1224.3241013822,44.0,-39.461366782330465,0.045673007845562004,40502
767022,3.4000000000000017,4,1224.3241013822,1324.3241013822,-60.0,0.0,0.03936895064542877,35977
767022,3.5000000000000018,0,824.3241013822001,924.3241013822001,-44.0,3.9461366782330463,0.07474687966405906,39533
767022,3.5000000000000018,1,924.3241013822001,1024.3241013822,-60.0,-11.83841003469914,0.04610798845772546,37076
767022,3.5000000000000018,2,1024.3241013822,1124.3241013822,-60.0,-15.784546712932185,0.03099591100471091,35503
767022,3.5000000000000018,3,1124.3241013822,1224.3241013822,44.0,-39.461366782330465,0.05131436571113765,40776
767022,3.5000000000000018,4,1224.3241013822,1324.3241013822,-60.0,-3.9461366782330463,0.035241283933631726,36142
767022,3.600000000000002,0,824.3241013822001,924.3241013822001,-60.0,3.9461366782330463,0.07424663292099469,39905
767022,3.600000000000002,1,924.3241013822001,1024.3241013822,-60.0,-19.730683391165233,0.03293266172185651,37089
767022,3.600000000000002,2,1024.3241013822,1124.3241013822,-60.0,-15.784546712932185,0.017389518100410787,35543
767022,3.600000000000002,3,1124.3241013822,1224.3241013822,24.0,-39.461366782330465,0.04685616103749001,41579
767022,3.600000000000002,4,1224.3241013822,1324.3241013822,-60.0,-15.784546712932185,0.03469864523892496,36992
767022,3.700000000000002,0,824.3241013822001,924.3241013822001,-60.0,3.9461366782330463,0.06337045681655777,40238
767022,3.700000000000002,1,924.3241013822001,1024.3241013822,-36.0,-7.8922733564660925,0.025550588331650796,37084
767022,3.700000000000002,2,1024.3241013822,1124.3241013822,-60.0,-15.784546712932185,0.03454458760844385,35727
767022,3.700000000000002,3,1124.3241013822,1224.3241013822,8.0,-39.461366782330465,0.04555615533707905,42273
767022,3.700000000000002,4,1224.3241013822,1324.3241013822,-60.0,-15.784546712932185,0.031207974413546724,37407
767022,3.800000000000002,0,824.3241013822001,924.3241013822001,-60.0,3.9461366782330463,0.060495580162854314,40547
767022,3.800000000000002,1,924.3241013822001,1024.3241013822,-48.0,-7.8922733564660925,0.027624505832732002,37650
767022,3.800000000000002,2,1024.3241013822,1124.3241013822,8.0,-23.67682006939828,0.03890175694841735,34924
767022,3.800000000000002,3,1124.3241013822,1224.3241013822,-8.0,-39.461366782330465,0.04435946820784757,42737
767022,3.800000000000002,4,1224.3241013822,1324.3241013822,-60.0,-15.784546712932185,0.029083247081679597,37489
767022,3.900000000000002,0,824.3241013822001,924.3241013822001,-60.0,0.0,0.052030845137585116,40512
767022,3.900000000000002,1,924.3241013822001,1024.3241013822,-60.0,-7.8922733564660925,0.026336963694640933,37669
767022,3.900000000000002,2,1024.3241013822,1124.3241013822,0.0,-23.67682006939828,0.035304380730656434,35005
767022,3.900000000000002,3,1124.3241013822,1224.3241013822,-24.0,-39.461366782330465,0.04573273916406833,43060
767022,3.900000000000002,4,1224.3241013822,1324.3241013822,-60.0,-15.784546712932185,0.01193445461533648,37243
767022,4.000000000000002,0,824.3241013822001,924.3241013822001,-60.0,0.0,0.0481770012153767,40239
767022,4.000000000000002,1,924.3241013822001,1024.3241013822,-60.0,-7.8922733564660925,0.031519679040284264,37522
767022,4.000000000000002,2,1024.3241013822,1124.3241013822,-16.0,-27.622956747631324,0.040534329083871355,35286
767022,4.000000000000002,3,1124.3241013822,1224.3241013822,-56.0,-39.461366782330465,0.04768145284066855,42926
767022,4.000000000000002,4,1224.3241013822,1324.3241013822,-40.0,3.9461366782330463,0.018105939256562405,37532
782149,1.5,0,912.6396605756256,1012.6396605756256,48.0,-31.36711419519686,0.05815054873853477,19376
782149,1.5,1,1012.6396605756256,1112.6396605756256,-4.0,-39.208892743996074,0.06666465730126996,21046
782149,1.5,2,1112.6396605756256,1212.6396605756256,0.0,-39.208892743996074,0.09383144194210304,19366
782149,1.5,3,1212.6396605756256,1312.6396605756256,0.0,31.36711419519686,0.034555763672172043,20690
782149,1.5,4,1312.6396605756256,1412.6396605756256,40.0,-23.525335646397643,0.058701142012668885,20156
782149,1.6,0,912.6396605756256,1012.6396605756256,-56.0,-35.28800346959647,0.04697901367630889,20527
782149,1.6,1,1012.6396605756256,1112.6396605756256,-60.0,-31.36711419519686,0.046317092961868235,22208
782149,1.6,2,1112.6396605756256,1212.6396605756256,48.0,-27.446224920797253,0.0734749341664107,19662
782149,1.6,3,1212.6396605756256,1312.6396605756256,-12.0,3.9208892743996073,0.047394756038481256,21352
782149,1.6,4,1312.6396605756256,1412.6396605756256,60.0,-19.604446371998037,0.06636776554303904,20368
782149,1.7000000000000002,0,912.6396605756256,1012.6396605756256,-60.0,-39.208892743996074,0.0621024440520154,21405
782149,1.7000000000000002,1,1012.6396605756256,1112.6396605756256,-16.0,-27.446224920797253,0.041500458004862587,22972
782149,1.7000000000000002,2,1112.6396605756256,1212.6396605756256,32.0,-31.36711419519686,0.0532406005080092,20509
782149,1.7000000000000002,3,1212.6396605756256,1312.6396605756256,-28.0,3.9208892743996073,0.05641409398112955,21860
782149,1.7000000000000002,4,1312.6396605756256,1412.6396605756256,-8.0,-23.525335646397643,0.05563960199911931,21679
782149,1.8000000000000003,0,912.6396605756256,1012.6396605756256,-60.0,-39.208892743996074,0.05054661239683532,22055
782149,1.8000000000000003,1,1012.6396605756256,1112.6396605756256,-24.0,-23.525335646397643,0.04191829856891577,23498
782149,1.8000000000000003,2,1112.6396605756256,1212.6396605756256,-60.0,11.762667823198822,0.029791480762566436,21801
782149,1.8000000000000003,3,1212.6396605756256,1312.6396605756256,-44.0,3.9208892743996073,0.037015066657852536,21907
782149,1.8000000000000003,4,1312.6396605756256,1412.6396605756256,0.0,-15.68355709759843,0.045074500519437406,22161
782149,1.9000000000000004,0,912.6396605756256,1012.6396605756256,36.0,-39.208892743996074,0.03177199251873563,21752
782149,1.9000000000000004,1,1012.6396605756256,1112.6396605756256,-44.0,-23.525335646397643,0.045248005498384286,23758
782149,1.9000000000000004,2,1112.6396605756256,1212.6396605756256,0.0,-15.68355709759843,0.045456182767659725,22038
782149,1.9000000000000004,3,1212.6396605756256,1312.6396605756256,-36.0,0.0,0.043663097854318614,22117
782149,1.9000000000000004,4,1312.6396605756256,1412.6396605756256,-16.0,-15.68355709759843,0.050552601556692146,22657
782149,2.0000000000000004,0,912.6396605756256,1012.6396605756256,-12.0,-11.762667823198822,0.053836816057211044,22942
782149,2.0000000000000004,1,1012.6396605756256,1112.6396605756256,60.0,-27.446224920797253,0.0532542763867786,22029
782149,2.0000000000000004,2,1112.6396605756256,1212.6396605756256,12.0,-39.208892743996074,0.044582738171028785,21950
782149,2.0000000000000004,3,1212.6396605756256,1312.6396605756256,-56.0,0.0,0.04469148957666893,22415
782149,2.0000000000000004,4,1312.6396605756256,1412.6396605756256,60.0,-35.28800346959647,0.09182867174806048,20333
782149,2.1000000000000005,0,912.6396605756256,1012.6396605756256,-52.0,39.208892743996074,0.05721291542749485,23355
782149,2.1000000000000005,1,1012.6396605756256,1112.6396605756256,48.0,-27.446224920797253,0.06095006850317095,22100
782149,2.1000000000000005,2,1112.6396605756256,1212.6396605756256,0.0,-39.208892743996074,0.047290508627578144,22358
782149,2.1000000000000005,3,1212.6396605756256,1312.6396605756256,-52.0,-15.68355709759843,0.05184855079271194,22291
782149,2.1000000000000005,4,1312.6396605756256,1412.6396605756256,56.0,-35.28800346959647,0.10340292288676747,20123
782149,2.2000000000000006,0,912.6396605756256,1012.6396605756256,-60.0,39.208892743996074,0.052355819400834384,23397
782149,2.2000000000000006,1,1012.6396605756256,1112.6396605756256,36.0,-27.446224920797253,0.058009536326939955,22027
782149,2.2000000000000006,2,1112.6396605756256,1212.6396605756256,-8.0,-39.208892743996074,0.0496146106274743,22612
782149,2.2000000000000006,3,1212.6396605756256,1312.6396605756256,-60.0,-15.68355709759843,0.059620578205571206,21783
782149,2.2000000000000006,4,1312.6396605756256,1412.6396605756256,48.0,-35.28800346959647,0.10808400290521249,20213
782149,2.3000000000000007,0,912.6396605756256,1012.6396605756256,20.0,-35.28800346959647,0.041022527746111,22836
782149,2.3000000000000007,1,1012.6396605756256,1112.6396605756256,12.0,-23.525335646397643,0.04603454139836819,22544
782149,2.3000000000000007,2,1112.6396605756256,1212.6396605756256,-8.0,39.208892743996074,0.03655964647666626,22575
782149,2.3000000000000007,3,1212.6396605756256,1312.6396605756256,-60.0,-11.762667823198822,0.0493721266649068,21402
782149,2.3000000000000007,4,1312.6396605756256,1412.6396605756256,40.0,-35.28800346959647,0.09490504423855753,20539
782149,2.400000000000001,0,912.6396605756256,1012.6396605756256,8.0,-39.208892743996074,0.03802868806120755,23074
782149,2.400000000000001,1,1012.6396605756256,1112.6396605756256,-8.0,-23.525335646397643,0.0476230962857929,22893
782149,2.400000000000001,2,1112.6396605756256,1212.6396605756256,44.0,-39.208892743996074,0.049439577962157054,20682
782149,2.400000000000001,3,1212.6396605756256,1312.6396605756256,60.0,-23.525335646397643,0.03184869916210943,18584
782149,2.400000000000001,4,1312.6396605756256,1412.6396605756256,32.0,-35.28800346959647,0.08145183097053948,20721
782149,2.500000000000001,0,912.6396605756256,1012.6396605756256,-4.0,-39.208892743996074,0.041634221331563366,23385
782149,2.500000000000001,1,1012.6396605756256,1112.6396605756256,16.0,7.841778548799215,0.058618249171742284,21404
782149,2.500000000000001,2,1112.6396605756256,1212.6396605756256,32.0,-39.208892743996074,0.04849968356944836,21184
782149,2.500000000000001,3,1212.6396605756256,1312.6396605756256,60.0,-27.446224920797253,0.06760644195118201,18742
782149,2.500000000000001,4,1312.6396605756256,1412.6396605756256,32.0,-39.208892743996074,0.0773393085997633,20865
782149,2.600000000000001,0,912.6396605756256,1012.6396605756256,60.0,-35.28800346959647,0.0897840159494134,20514
782149,2.600000000000001,1,1012.6396605756256,1112.6396605756256,4.0,7.841778548799215,0.05709317700190246,21603
782149,2.600000000000001,2,1112.6396605756256,1212.6396605756256,16.0,-39.208892743996074,0.048008407175169396,21638
782149,2.600000000000001,3,1212.6396605756256,1312.6396605756256,60.0,-27.446224920797253,0.10189003829492424,18683
782149,2.600000000000001,4,1312.6396605756256,1412.6396605756256,40.0,-19.604446371998037,0.06792312443539314,20653
782149,2.700000000000001,0,912.6396605756256,1012.6396605756256,56.0,-39.208892743996074,0.10577424743255892,20262
782149,2.700000000000001,1,1012.6396605756256,1112.6396605756256,8.0,3.9208892743996073,0.06941591670442633,21680
782149,2.700000000000001,2,1112.6396605756256,1212.6396605756256,60.0,-31.36711419519686,0.08463925215928356,20136
782149,2.700000000000001,3,1212.6396605756256,1312.6396605756256,56.0,-27.446224920797253,0.11083464167887415,18669
782149,2.700000000000001,4,1312.6396605756256,1412.6396605756256,20.0,-19.604446371998037,0.06394376064792744,21425
782149,2.800000000000001,0,912.6396605756256,1012.6396605756256,40.0,-39.208892743996074,0.106678481560118,20364
782149,2.800000000000001,1,1012.6396605756256,1112.6396605756256,40.0,-35.28800346959647,0.0694042401846098,21247
782149,2.800000000000001,2,1112.6396605756256,1212.6396605756256,48.0,-31.36711419519686,0.08328903644177103,20342
782149,2.800000000000001,3,1212.6396605756256,1312.6396605756256,48.0,-27.446224920797253,0.10834940083102194,18892
782149,2.800000000000001,4,1312.6396605756256,1412.6396605756256,16.0,-19.604446371998037,0.0804218086224047,21716
782149,2.9000000000000012,0,912.6396605756256,1012.6396605756256,24.0,-39.208892743996074,0.10523386202503344,20785
782149,2.9000000000000012,1,1012.6396605756256,1112.6396605756256,36.0,-35.28800346959647,0.06702112213317245,21523
782149,2.9000000000000012,2,1112.6396605756256,1212.6396605756256,44.0,-35.28800346959647,0.08616825588759063,20347
782149,2.9000000000000012,3,1212.6396605756256,1312.6396605756256,40.0,-27.446224920797253,0.1033632353813471,19190
782149,2.9000000000000012,4,1312.6396605756256,1412.6396605756256,12.0,-23.525335646397643,0.09144482917575983,21975
782149,3.0000000000000013,0,912.6396605756256,1012.6396605756256,12.0,-39.208892743996074,0.09765831293587794,20893
782149,3.0000000000000013,1,1012.6396605756256,1112.6396605756256,36.0,-39.208892743996074,0.06854478077055653,21568
782149,3.0000000000000013,2,1112.6396605756256,1212.6396605756256,32.0,-35.28800346959647,0.0720320742122238,20561
782149,3.0000000000000013,3,1212.6396605756256,1312.6396605756256,32.0,-31.36711419519686,0.10082004876219201,19451
782149,3.0000000000000013,4,1312.6396605756256,1412.6396605756256,8.0,-23.525335646397643,0.08650369421459042,22255
782149,3.1000000000000014,0,912.6396605756256,1012.6396605756256,-4.0,-39.208892743996074,0.09041917690326426,21312
782149,3.1000000000000014,1,1012.6396605756256,1112.6396605756256,36.0,-39.208892743996074,0.062418916344100114,21571
782149,3.1000000000000014,2,1112.6396605756256,1212.6396605756256,16.0,-35.28800346959647,0.060414344219043487,20930
782149,3.1000000000000014,3,1212.6396605756256,1312.6396605756256,20.0,-31.36711419519686,0.08687688385333986,19821
782149,3.1000000000000014,4,1312.6396605756256,1412.6396605756256,4.0,-31.36711419519686,0.0767376128326162,22644
782149,3.2000000000000015,0,912.6396605756256,1012.6396605756256,-16.0,-39.208892743996074,0.08591352817228082,21427
782149,3.2000000000000015,1,1012.6396605756256,1112.6396605756256,32.0,-39.208892743996074,0.06955566308294744,21687
782149,3.2000000000000015,2,1112.6396605756256,1212.6396605756256,-12.0,-39.208892743996074,0.060169095835394044,21623
782149,3.2000000000000015,3,1212.6396605756256,1312.6396605756256,-4.0,-19.604446371998037,0.0893655025286286,20415
782149,3.2000000000000015,4,1312.6396605756256,1412.6396605756256,12.0,-35.28800346959647,0.08658582271842837,22522
782149,3.3000000000000016,0,912.6396605756256,1012.6396605756256,-28.0,-39.208892743996074,0.0720917712753874,21919
782149,3.3000000000000016,1,1012.6396605756256,1112.6396605756256,24.0,-39.208892743996074,0.06857294199381635,21569
782149,3.3000000000000016,2,1112.6396605756256,1212.6396605756256,-24.0,-39.208892743996074,0.07137343801002834,21603
782149,3.3000000000000016,3,1212.6396605756256,1312.6396605756256,-12.0,-19.604446371998037,0.09002496080930404,20542
782149,3.3000000000000016,4,1312.6396605756256,1412.6396605756256,4.0,-35.28800346959647,0.08536454942173904,22904
782149,3.4000000000000017,0,912.6396605756256,1012.6396605756256,-40.0,-39.208892743996074,0.06070658497017788,22251
782149,3.4000000000000017,1,1012.6396605756256,1112.6396605756256,12.0,-39.208892743996074,0.06536419976191549,21852
782149,3.4000000000000017,2,1112.6396605756256,1212.6396605756256,-36.0,-39.208892743996074,0.07509353456751094,21484
782149,3.4000000000000017,3,1212.6396605756256,1312.6396605756256,-28.0,-23.525335646397643,0.08595631218366057,20475
782149,3.4000000000000017,4,1312.6396605756256,1412.6396605756256,4.0,-39.208892743996074,0.08186008205347349,22852
782149,3.5000000000000018,0,912.6396605756256,1012.6396605756256,-52.0,-39.208892743996074,0.045662722774244456,22631
782149,3.5000000000000018,1,1012.6396605756256,1112.6396605756256,-4.0,-39.208892743996074,0.06316156581947527,22155
782149,3.5000000000000018,2,1112.6396605756256,1212.6396605756256,-44.0,-39.208892743996074,0.06688104462952812,21381
782149,3.5000000000000018,3,1212.6396605756256,1312.6396605756256,-44.0,-23.525335646397643,0.08864368677469617,20521
782149,3.5000000000000018,4,1312.6396605756256,1412.6396605756256,-12.0,-39.208892743996074,0.07715561459796784,23250
782149,3.600000000000002,0,912.6396605756256,1012.6396605756256,-16.0,3.9208892743996073,0.0683000949445562,22916
782149,3.600000000000002,1,1012.6396605756256,1112.6396605756256,-56.0,-35.28800346959647,0.05877874140891048,22255
782149,3.600000000000002,2,1112.6396605756256,1212.6396605756256,-56.0,-39.208892743996074,0.06189987314676562,21279
782149,3.600000000000002,3,1212.6396605756256,1312.6396605756256,-52.0,-23.525335646397643,0.08464499598334244,20579
782149,3.600000000000002,4,1312.6396605756256,1412.6396605756256,-24.0,-39.208892743996074,0.07750695113590873,23268
782149,3.700000000000002,0,912.6396605756256,1012.6396605756256,-28.0,3.9208892743996073,0.06896737536149991,23098
782149,3.700000000000002,1,1012.6396605756256,1112.6396605756256,-32.0,-39.208892743996074,0.053728662789367214,22465
782149,3.700000000000002,2,1112.6396605756256,1212.6396605756256,-60.0,-39.208892743996074,0.04691776981325716,21671
782149,3.700000000000002,3,1212.6396605756256,1312.6396605756256,-60.0,-23.525335646397643,0.07976843337235995,20649
782149,3.700000000000002,4,1312.6396605756256,1412.6396605756256,-24.0,-35.28800346959647,0.08487395632064525,23249
782149,3.800000000000002,0,912.6396605756256,1012.6396605756256,-44.0,3.9208892743996073,0.06691700019109993,23241
782149,3.800000000000002,1,1012.6396605756256,1112.6396605756256,-48.0,-39.208892743996074,0.051343159598852744,22812
782149,3.800000000000002,2,1112.6396605756256,1212.6396605756256,-60.0,39.208892743996074,0.07855792309639421,21934
782149,3.800000000000002,3,1212.6396605756256,1312.6396605756256,-60.0,-27.446224920797253,0.06323403678365289,20719
782149,3.800000000000002,4,1312.6396605756256,1412.6396605756256,-28.0,-39.208892743996074,0.08028522526027862,23277
782149,3.900000000000002,0,912.6396605756256,1012.6396605756256,-56.0,3.9208892743996073,0.0656960956203581,23261
782149,3.900000000000002,1,1012.6396605756256,1112.6396605756256,-60.0,-39.208892743996074,0.04594721173426991,22908
782149,3.900000000000002,2,1112.6396605756256,1212.6396605756256,-60.0,39.208892743996074,0.07193703873418832,22162
782149,3.900000000000002,3,1212.6396605756256,1312.6396605756256,-60.0,-27.446224920797253,0.03929411950683388,20518
782149,3.900000000000002,4,1312.6396605756256,1412.6396605756256,-40.0,-39.208892743996074,0.08242450794832397,23208
782149,4.000000000000002,0,912.6396605756256,1012.6396605756256,-60.0,0.0,0.06110073622439275,23401
782149,4.000000000000002,1,1012.6396605756256,1112.6396605756256,-60.0,-39.208892743996074,0.033175302971977634,23051
782149,4.000000000000002,2,1112.6396605756256,1212.6396605756256,-32.0,7.841778548799215,0.058785396963927566,22620
782149,4.000000000000002,3,1212.6396605756256,1312.6396605756256,-60.0,-27.446224920797253,0.01938295801777346,20372
782149,4.000000000000002,4,1312.6396605756256,1412.6396605756256,-44.0,-39.208892743996074,0.09325311418471438,23288
788406,1.5,0,957.5215175702078,1057.5215175702078,60.0,3.9577607865135778,0.048371405764173224,16120
788406,1.5,1,1057.5215175702078,1157.5215175702078,56.0,-3.9577607865135778,0.06450883961058122,17451
788406,1.5,2,1157.5215175702078,1257.5215175702078,-60.0,31.662086292108622,0.09705121365453448,19367
788406,1.5,3,1257.5215175702078,1357.5215175702078,40.0,0.0,0.06700655268652672,19252
788406,1.5,4,1357.5215175702078,1457.5215175702078,-4.0,3.9577607865135778,0.041112064780332934,18802
788406,1.6,0,957.5215175702078,1057.5215175702078,52.0,0.0,0.04714841954495499,16978
788406,1.6,1,1057.5215175702078,1157.5215175702078,24.0,0.0,0.08118830912190927,18327
788406,1.6,2,1157.5215175702078,1257.5215175702078,60.0,19.788803932567888,0.02995731507808952,20374
788406,1.6,3,1257.5215175702078,1357.5215175702078,-4.0,0.0,0.07654224110775044,20281
788406,1.6,4,1357.5215175702078,1457.5215175702078,60.0,15.831043146054311,0.037872746587909026,19744
788406,1.7000000000000002,0,957.5215175702078,1057.5215175702078,60.0,15.831043146054311,0.061901114378719,17767
788406,1.7000000000000002,1,1057.5215175702078,1157.5215175702078,-4.0,0.0,0.09012060489321753,19255
788406,1.7000000000000002,2,1157.5215175702078,1257.5215175702078,60.0,23.746564719081466,0.040597911499794664,21350
788406,1.7000000000000002,3,1257.5215175702078,1357.5215175702078,40.0,0.0,0.05662347613916498,21168
788406,1.7000000000000002,4,1357.5215175702078,1457.5215175702078,60.0,15.831043146054311,0.06625578524555159,20539
788406,1.8000000000000003,0,957.5215175702078,1057.5215175702078,56.0,15.831043146054311,0.058031169111240684,18565
788406,1.8000000000000003,1,1057.5215175702078,1157.5215175702078,-28.0,0.0,0.10771261183513416,20119
788406,1.8000000000000003,2,1157.5215175702078,1257.5215175702078,48.0,27.704325505595044,0.04296938823325902,22306
788406,1.8000000000000003,3,1257.5215175702078,1357.5215175702078,60.0,7.9155215730271555,0.05003995712280332,22121
788406,1.8000000000000003,4,1357.5215175702078,1457.5215175702078,52.0,11.873282359540733,0.08659168252176933,21451
788406,1.9000000000000004,0,957.5215175702078,1057.5215175702078,32.0,11.873282359540733,0.043046180106007026,19309
788406,1.9000000000000004,1,1057.5215175702078,1157.5215175702078,60.0,19.788803932567888,0.058000683894771414,20955
788406,1.9000000000000004,2,1157.5215175702078,1257.5215175702078,32.0,-15.831043146054311,0.05588434132054424,23239
788406,1.9000000000000004,3,1257.5215175702078,1357.5215175702078,60.0,11.873282359540733,0.05061624513387679,23045
788406,1.9000000000000004,4,1357.5215175702078,1457.5215175702078,48.0,19.788803932567888,0.07811735703404238,22349
788406,2.0000000000000004,0,957.5215175702078,1057.5215175702078,-52.0,27.704325505595044,0.09454339338628338,20131
788406,2.0000000000000004,1,1057.5215175702078,1157.5215175702078,60.0,19.788803932567888,0.058596819850367056,21809
788406,2.0000000000000004,2,1157.5215175702078,1257.5215175702078,36.0,15.831043146054311,0.029155538798821587,24203
788406,2.0000000000000004,3,1257.5215175702078,1357.5215175702078,60.0,19.788803932567888,0.06585253055456435,24068
788406,2.0000000000000004,4,1357.5215175702078,1457.5215175702078,36.0,15.831043146054311,0.08313314694977797,23236
788406,2.1000000000000005,0,957.5215175702078,1057.5215175702078,44.0,15.831043146054311,0.05574385332926704,20866
788406,2.1000000000000005,1,1057.5215175702078,1157.5215175702078,60.0,15.831043146054311,0.06872056258339232,22667
788406,2.1000000000000005,2,1157.5215175702078,1257.5215175702078,60.0,0.0,0.04717370718340579,25150
788406,2.1000000000000005,3,1257.5215175702078,1357.5215175702078,40.0,15.831043146054311,0.07440618386458003,24908
788406,2.1000000000000005,4,1357.5215175702078,1457.5215175702078,28.0,15.831043146054311,0.08541083212736189,24128
788406,2.2000000000000006,0,957.5215175702078,1057.5215175702078,40.0,15.831043146054311,0.06577147965901456,21657
788406,2.2000000000000006,1,1057.5215175702078,1157.5215175702078,60.0,19.788803932567888,0.06514365791567495,23510
788406,2.2000000000000006,2,1157.5215175702078,1257.5215175702078,60.0,7.9155215730271555,0.050978028661745854,26156
788406,2.2000000000000006,3,1257.5215175702078,1357.5215175702078,36.0,11.873282359540733,0.060974605929241955,25865
788406,2.2000000000000006,4,1357.5215175702078,1457.5215175702078,28.0,11.873282359540733,0.07088038228767361,25042
788406,2.3000000000000007,0,957.5215175702078,1057.5215175702078,60.0,3.9577607865135778,0.04128225284559612,22435
788406,2.3000000000000007,1,1057.5215175702078,1157.5215175702078,60.0,19.788803932567888,0.0652302808982027,24452
788406,2.3000000000000007,2,1157.5215175702078,1257.5215175702078,60.0,31.662086292108622,0.08553144469268308,27038
788406,2.3000000000000007,3,1257.5215175702078,1357.5215175702078,60.0,31.662086292108622,0.04824613238276938,26695
788406,2.3000000000000007,4,1357.5215175702078,1457.5215175702078,32.0,11.873282359540733,0.05827409775072951,25911
788406,2.400000000000001,0,957.5215175702078,1057.5215175702078,60.0,-3.9577607865135778,0.06590206948974199,23210
788406,2.400000000000001,1,1057.5215175702078,1157.5215175702078,48.0,19.788803932567888,0.06996227827048555,25316
788406,2.400000000000001,2,1157.5215175702078,1257.5215175702078,52.0,31.662086292108622,0.08505113129556427,28047
788406,2.400000000000001,3,1257.5215175702078,1357.5215175702078,48.0,31.662086292108622,0.07022692286769383,27640
788406,2.400000000000001,4,1357.5215175702078,1457.5215175702078,56.0,39.577607865135775,0.05540493059620164,26804
788406,2.500000000000001,0,957.5215175702078,1057.5215175702078,36.0,-7.9155215730271555,0.0976252191080484,23946
788406,2.500000000000001,1,1057.5215175702078,1157.5215175702078,40.0,19.788803932567888,0.07075519305030353,26172
788406,2.500000000000001,2,1157.5215175702078,1257.5215175702078,48.0,35.6198470786222,0.09095548124112932,28966
788406,2.500000000000001,3,1257.5215175702078,1357.5215175702078,32.0,27.704325505595044,0.07851588541998385,28545
788406,2.500000000000001,4,1357.5215175702078,1457.5215175702078,56.0,39.577607865135775,0.052781248288049226,27606
788406,2.600000000000001,0,957.5215175702078,1057.5215175702078,28.0,-7.9155215730271555,0.10104182219997115,24800
788406,2.600000000000001,1,1057.5215175702078,1157.5215175702078,36.0,0.0,0.08300551073928193,26978
788406,2.600000000000001,2,1157.5215175702078,1257.5215175702078,32.0,35.6198470786222,0.10309556238052289,29924
788406,2.600000000000001,3,1257.5215175702078,1357.5215175702078,28.0,31.662086292108622,0.08054129196999152,29404
788406,2.600000000000001,4,1357.5215175702078,1457.5215175702078,36.0,35.6198470786222,0.061107610988150575,28520
788406,2.700000000000001,0,957.5215175702078,1057.5215175702078,12.0,15.831043146054311,0.10594296991404092,25615
788406,2.700000000000001,1,1057.5215175702078,1157.5215175702078,28.0,-3.9577607865135778,0.09951228040536797,27843
788406,2.700000000000001,2,1157.5215175702078,1257.5215175702078,12.0,35.6198470786222,0.1109992163326341,30982
788406,2.700000000000001,3,1257.5215175702078,1357.5215175702078,20.0,27.704325505595044,0.11250606708552399,30355
788406,2.700000000000001,4,1357.5215175702078,1457.5215175702078,28.0,39.577607865135775,0.06756107311586063,29369
788406,2.800000000000001,0,957.5215175702078,1057.5215175702078,0.0,15.831043146054311,0.09938528393100297,26403
788406,2.800000000000001,1,1057.5215175702078,1157.5215175702078,16.0,-3.9577607865135778,0.1064701081376829,28620
788406,2.800000000000001,2,1157.5215175702078,1257.5215175702078,0.0,31.662086292108622,0.10597615861882351,31870
788406,2.800000000000001,3,1257.5215175702078,1357.5215175702078,8.0,27.704325505595044,0.11839642693872175,31210
788406,2.800000000000001,4,1357.5215175702078,1457.5215175702078,16.0,35.6198470786222,0.10183507392226078,30160
788406,2.9000000000000012,0,957.5215175702078,1057.5215175702078,-8.0,15.831043146054311,0.0974342348151957,27141
788406,2.9000000000000012,1,1057.5215175702078,1157.5215175702078,4.0,0.0,0.0934425020655311,29510
788406,2.9000000000000012,2,1157.5215175702078,1257.5215175702078,-12.0,35.6198470786222,0.09155329314172524,32871
788406,2.9000000000000012,3,1257.5215175702078,1357.5215175702078,0.0,27.704325505595044,0.10340929505753256,32197
788406,2.9000000000000012,4,1357.5215175702078,1457.5215175702078,0.0,39.577607865135775,0.1029499489761002,31001
788406,3.0000000000000013,0,957.5215175702078,1057.5215175702078,-24.0,15.831043146054311,0.08751137465527149,27906
788406,3.0000000000000013,1,1057.5215175702078,1157.5215175702078,-8.0,0.0,0.0745518077938228,30290
788406,3.0000000000000013,2,1157.5215175702078,1257.5215175702078,-16.0,35.6198470786222,0.08460316664143358,33809
788406,3.0000000000000013,3,1257.5215175702078,1357.5215175702078,-8.0,27.704325505595044,0.10269791629939877,33136
788406,3.0000000000000013,4,1357.5215175702078,1457.5215175702078,-20.0,39.577607865135775,0.07975214345706738,31770
788406,3.1000000000000014,0,957.5215175702078,1057.5215175702078,-20.0,15.831043146054311,0.08073177277639917,28665
788406,3.1000000000000014,1,1057.5215175702078,1157.5215175702078,0.0,0.0,0.07659887734417711,31197
788406,3.1000000000000014,2,1157.5215175702078,1257.5215175702078,-28.0,35.6198470786222,0.08380438058490926,34729
788406,3.1000000000000014,3,1257.5215175702078,1357.5215175702078,-20.0,27.704325505595044,0.1001128972380504,34047
788406,3.1000000000000014,4,1357.5215175702078,1457.5215175702078,-24.0,39.577607865135775,0.0661354004364699,32604
788406,3.2000000000000015,0,957.5215175702078,1057.5215175702078,-40.0,15.831043146054311,0.07893566569487202,29413
788406,3.2000000000000015,1,1057.5215175702078,1157.5215175702078,-16.0,0.0,0.0677812669487093,32083
788406,3.2000000000000015,2,1157.5215175702078,1257.5215175702078,-44.0,35.6198470786222,0.07198006257025572,35687
788406,3.2000000000000015,3,1257.5215175702078,1357.5215175702078,-52.0,31.662086292108622,0.1015000772648353,34879
788406,3.2000000000000015,4,1357.5215175702078,1457.5215175702078,-36.0,39.577607865135775,0.06519207072723447,33442
788406,3.3000000000000016,0,957.5215175702078,1057.5215175702078,-52.0,15.831043146054311,0.07653798707675596,30193
788406,3.3000000000000016,1,1057.5215175702078,1157.5215175702078,-24.0,3.9577607865135778,0.05622473631794185,32897
788406,3.3000000000000016,2,1157.5215175702078,1257.5215175702078,-52.0,31.662086292108622,0.05862666452847229,36636
788406,3.3000000000000016,3,1257.5215175702078,1357.5215175702078,-60.0,31.662086292108622,0.08983229084504621,35849
788406,3.3000000000000016,4,1357.5215175702078,1457.5215175702078,-60.0,39.577607865135775,0.057788715369455894,34287
788406,3.4000000000000017,0,957.5215175702078,1057.5215175702078,-60.0,7.9155215730271555,0.07403138182504117,30946
788406,3.4000000000000017,1,1057.5215175702078,1157.5215175702078,-40.0,3.9577607865135778,0.05030958279901303,33749
788406,3.4000000000000017,2,1157.5215175702078,1257.5215175702078,4.0,39.577607865135775,0.08204279471085803,37700
788406,3.4000000000000017,3,1257.5215175702078,1357.5215175702078,-60.0,31.662086292108622,0.03926677712947936,36696
788406,3.4000000000000017,4,1357.5215175702078,1457.5215175702078,-60.0,39.577607865135775,0.04837319667819551,35105
788406,3.5000000000000018,0,957.5215175702078,1057.5215175702078,-24.0,31.662086292108622,0.04300579011333338,31716
788406,3.5000000000000018,1,1057.5215175702078,1157.5215175702078,-32.0,15.831043146054311,0.07021051744289086,34569
788406,3.5000000000000018,2,1157.5215175702078,1257.5215175702078,-8.0,39.577607865135775,0.08950466428717965,38602
788406,3.5000000000000018,3,1257.5215175702078,1357.5215175702078,-60.0,15.831043146054311,0.05256759492938138,37716
788406,3.5000000000000018,4,1357.5215175702078,1457.5215175702078,-24.0,15.831043146054311,0.044492756698106505,35933
788406,3.600000000000002,0,957.5215175702078,1057.5215175702078,-40.0,27.704325505595044,0.04943688530340073,32545
788406,3.600000000000002,1,1057.5215175702078,1157.5215175702078,-48.0,11.873282359540733,0.0643730339410909,35439
788406,3.600000000000002,2,1157.5215175702078,1257.5215175702078,-20.0,39.577607865135775,0.08044989849433348,39383
788406,3.600000000000002,3,1257.5215175702078,1357.5215175702078,-60.0,31.662086292108622,0.02700769161156973,37949
788406,3.600000000000002,4,1357.5215175702078,1457.5215175702078,-28.0,15.831043146054311,0.04043110793150581,36237
788406,3.700000000000002,0,957.5215175702078,1057.5215175702078,-44.0,27.704325505595044,0.034369986607737296,33241
788406,3.700000000000002,1,1057.5215175702078,1157.5215175702078,-60.0,11.873282359540733,0.043904531054690756,36233
788406,3.700000000000002,2,1157.5215175702078,1257.5215175702078,-20.0,39.577607865135775,0.06968204526526411,40128
788406,3.700000000000002,3,1257.5215175702078,1357.5215175702078,-60.0,35.6198470786222,0.02634024970913937,38817
788406,3.700000000000002,4,1357.5215175702078,1457.5215175702078,-36.0,15.831043146054311,0.042721807042514756,36624
788406,3.800000000000002,0,957.5215175702078,1057.5215175702078,-44.0,23.746564719081466,0.04394388493924014,34093
788406,3.800000000000002,1,1057.5215175702078,1157.5215175702078,-60.0,15.831043146054311,0.035829188232352996,36962
788406,3.800000000000002,2,1157.5215175702078,1257.5215175702078,-32.0,39.577607865135775,0.07280992901246247,40944
788406,3.800000000000002,3,1257.5215175702078,1357.5215175702078,-12.0,27.704325505595044,0.031337742022618666,39449
788406,3.800000000000002,4,1357.5215175702078,1457.5215175702078,-48.0,15.831043146054311,0.043963820902142466,37321
788406,3.900000000000002,0,957.5215175702078,1057.5215175702078,-52.0,23.746564719081466,0.050661319035723074,34744
788406,3.900000000000002,1,1057.5215175702078,1157.5215175702078,-60.0,23.746564719081466,0.04020732043832597,37309
788406,3.900000000000002,2,1157.5215175702078,1257.5215175702078,-44.0,39.577607865135775,0.07224229885460223,41257
788406,3.900000000000002,3,1257.5215175702078,1357.5215175702078,-32.0,23.746564719081466,0.0428338965356348,39761
788406,3.900000000000002,4,1357.5215175702078,1457.5215175702078,-52.0,15.831043146054311,0.03570773558874362,37414
788406,4.000000000000002,0,957.5215175702078,1057.5215175702078,-56.0,23.746564719081466,0.05588347918492902,35264
788406,4.000000000000002,1,1057.5215175702078,1157.5215175702078,0.0,-11.873282359540733,0.05891194433699632,37405
788406,4.000000000000002,2,1157.5215175702078,1257.5215175702078,-56.0,39.577607865135775,0.05450897252426591,41407
788406,4.000000000000002,3,1257.5215175702078,1357.5215175702078,-40.0,23.746564719081466,0.047748333887689974,40021
788406,4.000000000000002,4,1357.5215175702078,1457.5215175702078,-44.0,15.831043146054311,0.04533615502693493,37433
790322,1.5,0,831.1310529051805,931.1310529051805,56.0,-3.9208892743996073,0.04482704297591259,19877
790322,1.5,1,931.1310529051805,1031.1310529051805,48.0,-15.68355709759843,0.04084042621504772,19660
790322,1.5,2,1031.1310529051805,1131.1310529051805,60.0,0.0,0.0688985756611424,17471
790322,1.5,3,1131.1310529051805,1231.1310529051805,-16.0,-7.841778548799215,0.07390131790225596,17965
790322,1.5,4,1231.1310529051805,1331.1310529051805,60.0,-19.604446371998037,0.056260443220308556,17763
790322,1.6,0,831.1310529051805,931.1310529051805,60.0,-35.28800346959647,0.02968786344054289,20848
790322,1.6,1,931.1310529051805,1031.1310529051805,48.0,0.0,0.05363131547377519,20703
790322,1.6,2,1031.1310529051805,1131.1310529051805,36.0,0.0,0.08211225597368614,18303
790322,1.6,3,1131.1310529051805,1231.1310529051805,-36.0,-7.841778548799215,0.06602387754779088,18940
790322,1.6,4,1231.1310529051805,1331.1310529051805,52.0,-19.604446371998037,0.047113203815426184,18659
790322,1.7000000000000002,0,831.1310529051805,931.1310529051805,60.0,11.762667823198822,0.061582770378183695,21925
790322,1.7000000000000002,1,931.1310529051805,1031.1310529051805,60.0,35.28800346959647,0.047864972274621324,21649
790322,1.7000000000000002,2,1031.1310529051805,1131.1310529051805,20.0,0.0,0.07600578319923157,19222
790322,1.7000000000000002,3,1131.1310529051805,1231.1310529051805,-36.0,-3.9208892743996073,0.0739157906841127,19852
790322,1.7000000000000002,4,1231.1310529051805,1331.1310529051805,24.0,-27.446224920797253,0.03614182768678464,19571
790322,1.8000000000000003,0,831.1310529051805,931.1310529051805,36.0,-35.28800346959647,0.029747153107937768,22920
790322,1.8000000000000003,1,931.1310529051805,1031.1310529051805,44.0,27.446224920797253,0.048553978635667454,22568
790322,1.8000000000000003,2,1031.1310529051805,1131.1310529051805,16.0,3.9208892743996073,0.04827870657234637,20032
790322,1.8000000000000003,3,1131.1310529051805,1231.1310529051805,-60.0,0.0,0.09112953422635342,20748
790322,1.8000000000000003,4,1231.1310529051805,1331.1310529051805,56.0,-35.28800346959647,0.048140229295478086,20429
790322,1.9000000000000004,0,831.1310529051805,931.1310529051805,60.0,-39.208892743996074,0.03603500396185325,23933
790322,1.9000000000000004,1,931.1310529051805,1031.1310529051805,52.0,35.28800346959647,0.05278160600023627,23488
790322,1.9000000000000004,2,1031.1310529051805,1131.1310529051805,-36.0,39.208892743996074,0.05447378507063777,20866
790322,1.9000000000000004,3,1131.1310529051805,1231.1310529051805,28.0,-27.446224920797253,0.07824335809903382,21664
790322,1.9000000000000004,4,1231.1310529051805,1331.1310529051805,60.0,35.28800346959647,0.05044338471250162,21267
790322,2.0000000000000004,0,831.1310529051805,931.1310529051805,60.0,-39.208892743996074,0.07404940444484097,24930
790322,2.0000000000000004,1,931.1310529051805,1031.1310529051805,44.0,35.28800346959647,0.06338300452421555,24465
790322,2.0000000000000004,2,1031.1310529051805,1131.1310529051805,60.0,-11.762667823198822,0.02945729079812962,21847
790322,2.0000000000000004,3,1131.1310529051805,1231.1310529051805,24.0,-19.604446371998037,0.05661956445699942,22561
790322,2.0000000000000004,4,1231.1310529051805,1331.1310529051805,44.0,35.28800346959647,0.05584477022386928,22179
790322,2.1000000000000005,0,831.1310529051805,931.1310529051805,44.0,-39.208892743996074,0.07188159574454227,25882
790322,2.1000000000000005,1,931.1310529051805,1031.1310529051805,32.0,35.28800346959647,0.05885027111113137,25349
790322,2.1000000000000005,2,1031.1310529051805,1131.1310529051805,60.0,-11.762667823198822,0.04515535678951219,22615
790322,2.1000000000000005,3,1131.1310529051805,1231.1310529051805,24.0,-39.208892743996074,0.06483496150807658,23342
790322,2.1000000000000005,4,1231.1310529051805,1331.1310529051805,24.0,31.36711419519686,0.04837989273295607,23014
790322,2.2000000000000006,0,831.1310529051805,931.1310529051805,16.0,-39.208892743996074,0.07881541061617162,26910
790322,2.2000000000000006,1,931.1310529051805,1031.1310529051805,40.0,-15.68355709759843,0.05080165607643568,26265
790322,2.2000000000000006,2,1031.1310529051805,1131.1310529051805,60.0,-23.525335646397643,0.04744705188390614,23479
790322,2.2000000000000006,3,1131.1310529051805,1231.1310529051805,12.0,-39.208892743996074,0.05087005995446942,24260
790322,2.2000000000000006,4,1231.1310529051805,1331.1310529051805,60.0,-11.762667823198822,0.05156236861135807,23901
790322,2.3000000000000007,0,831.1310529051805,931.1310529051805,52.0,-39.208892743996074,0.05502523436057597,28023
790322,2.3000000000000007,1,931.1310529051805,1031.1310529051805,32.0,27.446224920797253,0.058087701989911825,27261
790322,2.3000000000000007,2,1031.1310529051805,1131.1310529051805,36.0,-15.68355709759843,0.06126371557951744,24303
790322,2.3000000000000007,3,1131.1310529051805,1231.1310529051805,60.0,-23.525335646397643,0.06692194681337452,25122
790322,2.3000000000000007,4,1231.1310529051805,1331.1310529051805,56.0,-11.762667823198822,0.055963148859858466,24772
790322,2.400000000000001,0,831.1310529051805,931.1310529051805,40.0,-35.28800346959647,0.05984937591947908,29064
790322,2.400000000000001,1,931.1310529051805,1031.1310529051805,28.0,23.525335646397643,0.04800290299761522,28211
790322,2.400000000000001,2,1031.1310529051805,1131.1310529051805,60.0,-23.525335646397643,0.07119254304921523,25228
790322,2.400000000000001,3,1131.1310529051805,1231.1310529051805,52.0,-19.604446371998037,0.08022194984639541,26079
790322,2.400000000000001,4,1231.1310529051805,1331.1310529051805,60.0,-15.68355709759843,0.06185635771751481,25706
790322,2.500000000000001,0,831.1310529051805,931.1310529051805,32.0,-35.28800346959647,0.05002656573162672,30058
790322,2.500000000000001,1,931.1310529051805,1031.1310529051805,60.0,-11.762667823198822,0.06746408610587988,29160
790322,2.500000000000001,2,1031.1310529051805,1131.1310529051805,48.0,-23.525335646397643,0.08775052087195111,26061
790322,2.500000000000001,3,1131.1310529051805,1231.1310529051805,28.0,-23.525335646397643,0.09697645003519262,26830
790322,2.500000000000001,4,1231.1310529051805,1331.1310529051805,28.0,-19.604446371998037,0.06184282219203462,26508
790322,2.600000000000001,0,831.1310529051805,931.1310529051805,-60.0,-39.208892743996074,0.0754371410534944,30969
790322,2.600000000000001,1,931.1310529051805,1031.1310529051805,44.0,-11.762667823198822,0.07084509898447955,30094
790322,2.600000000000001,2,1031.1310529051805,1131.1310529051805,36.0,-19.604446371998037,0.10506447583925542,26857
790322,2.600000000000001,3,1131.1310529051805,1231.1310529051805,24.0,-23.525335646397643,0.09978153665917817,27741
790322,2.600000000000001,4,1231.1310529051805,1331.1310529051805,60.0,-15.68355709759843,0.07476523842963852,27357
790322,2.700000000000001,0,831.1310529051805,931.1310529051805,60.0,-7.841778548799215,0.06354298770437537,32024
790322,2.700000000000001,1,931.1310529051805,1031.1310529051805,60.0,-15.68355709759843,0.09429542738797458,30990
790322,2.700000000000001,2,1031.1310529051805,1131.1310529051805,60.0,-7.841778548799215,0.08623122454660398,27729
790322,2.700000000000001,3,1131.1310529051805,1231.1310529051805,24.0,-23.525335646397643,0.11080022155920359,28639
790322,2.700000000000001,4,1231.1310529051805,1331.1310529051805,60.0,-11.762667823198822,0.10735934453878805,28306
790322,2.800000000000001,0,831.1310529051805,931.1310529051805,60.0,-7.841778548799215,0.0770128034104325,32967
790322,2.800000000000001,1,931.1310529051805,1031.1310529051805,52.0,-15.68355709759843,0.11362393723639526,32026
790322,2.800000000000001,2,1031.1310529051805,1131.1310529051805,56.0,-11.762667823198822,0.10933943496926911,28575
790322,2.800000000000001,3,1131.1310529051805,1231.1310529051805,24.0,-23.525335646397643,0.13078713536169917,29558
790322,2.800000000000001,4,1231.1310529051805,1331.1310529051805,28.0,-15.68355709759843,0.10711949130167288,29219
790322,2.9000000000000012,0,831.1310529051805,931.1310529051805,36.0,-7.841778548799215,0.0827542995955186,34009
790322,2.9000000000000012,1,931.1310529051805,1031.1310529051805,40.0,-15.68355709759843,0.1315535143268033,32887
790322,2.9000000000000012,2,1031.1310529051805,1131.1310529051805,28.0,-11.762667823198822,0.1266680958648022,29404
790322,2.9000000000000012,3,1131.1310529051805,1231.1310529051805,16.0,-23.525335646397643,0.15223267242128438,30456
790322,2.9000000000000012,4,1231.1310529051805,1331.1310529051805,16.0,-11.762667823198822,0.11751861270307386,30061
790322,3.0000000000000013,0,831.1310529051805,931.1310529051805,28.0,-11.762667823198822,0.09527805517539437,34881
790322,3.0000000000000013,1,931.1310529051805,1031.1310529051805,24.0,-15.68355709759843,0.1407057162585403,33615
790322,3.0000000000000013,2,1031.1310529051805,1131.1310529051805,12.0,-11.762667823198822,0.13764089004958008,30208
790322,3.0000000000000013,3,1131.1310529051805,1231.1310529051805,12.0,-23.525335646397643,0.16295143447557997,31274
790322,3.0000000000000013,4,1231.1310529051805,1331.1310529051805,4.0,-11.762667823198822,0.12355614876011616,30940
790322,3.1000000000000014,0,831.1310529051805,931.1310529051805,12.0,-15.68355709759843,0.08768951757892932,35632
790322,3.1000000000000014,1,931.1310529051805,1031.1310529051805,8.0,-19.604446371998037,0.156637607315025,34223
790322,3.1000000000000014,2,1031.1310529051805,1131.1310529051805,-4.0,-11.762667823198822,0.13562905619843826,30791
790322,3.1000000000000014,3,1131.1310529051805,1231.1310529051805,-4.0,-23.525335646397643,0.16244183698460893,32162
790322,3.1000000000000014,4,1231.1310529051805,1331.1310529051805,-8.0,-11.762667823198822,0.12459664002003967,31694
790322,3.2000000000000015,0,831.1310529051805,931.1310529051805,-12.0,-7.841778548799215,0.07344803062818055,36537
790322,3.2000000000000015,1,931.1310529051805,1031.1310529051805,-8.0,-19.604446371998037,0.14282161333582308,35086
790322,3.2000000000000015,2,1031.1310529051805,1131.1310529051805,-20.0,-15.68355709759843,0.12095101599178416,31340
790322,3.2000000000000015,3,1131.1310529051805,1231.1310529051805,-20.0,-27.446224920797253,0.14861505870177147,32820
790322,3.2000000000000015,4,1231.1310529051805,1331.1310529051805,-24.0,-11.762667823198822,0.1237608944827062,32402
790322,3.3000000000000016,0,831.1310529051805,931.1310529051805,0.0,-39.208892743996074,0.08151219589585484,36851
790322,3.3000000000000016,1,931.1310529051805,1031.1310529051805,-24.0,-23.525335646397643,0.11385587551877391,35555
790322,3.3000000000000016,2,1031.1310529051805,1131.1310529051805,-44.0,-11.762667823198822,0.09961614297154585,31743
790322,3.3000000000000016,3,1131.1310529051805,1231.1310529051805,-28.0,-27.446224920797253,0.12358963601785186,32878
790322,3.3000000000000016,4,1231.1310529051805,1331.1310529051805,-48.0,-7.841778548799215,0.12826256283595283,32486
790322,3.4000000000000017,0,831.1310529051805,931.1310529051805,-12.0,-39.208892743996074,0.07982940837600706,37441
790322,3.4000000000000017,1,931.1310529051805,1031.1310529051805,-36.0,-23.525335646397643,0.08297885527272895,35739
790322,3.4000000000000017,2,1031.1310529051805,1131.1310529051805,-60.0,-11.762667823198822,0.0796432566168069,31995
790322,3.4000000000000017,3,1131.1310529051805,1231.1310529051805,-40.0,-27.446224920797253,0.10327342313213156,32422
790322,3.4000000000000017,4,1231.1310529051805,1331.1310529051805,-60.0,-7.841778548799215,0.12051242275505782,32246
790322,3.5000000000000018,0,831.1310529051805,931.1310529051805,-16.0,-39.208892743996074,0.06412220815825065,37926
790322,3.5000000000000018,1,931.1310529051805,1031.1310529051805,-32.0,-19.604446371998037,0.08656352697364808,36014
790322,3.5000000000000018,2,1031.1310529051805,1131.1310529051805,-60.0,-23.525335646397643,0.06319650637430352,32437
790322,3.5000000000000018,3,1131.1310529051805,1231.1310529051805,-16.0,-27.446224920797253,0.10163608369713877,32327
790322,3.5000000000000018,4,1231.1310529051805,1331.1310529051805,-60.0,-7.841778548799215,0.09554881737641677,32098
790322,3.600000000000002,0,831.1310529051805,931.1310529051805,-20.0,-39.208892743996074,0.056887445851232635,38331
790322,3.600000000000002,1,931.1310529051805,1031.1310529051805,-48.0,-19.604446371998037,0.07927402787154876,36020
790322,3.600000000000002,2,1031.1310529051805,1131.1310529051805,-40.0,-27.446224920797253,0.07908452867419141,32616
790322,3.600000000000002,3,1131.1310529051805,1231.1310529051805,-24.0,-27.446224920797253,0.10280718446183525,32797
790322,3.600000000000002,4,1231.1310529051805,1331.1310529051805,-60.0,-7.841778548799215,0.062190421154894995,32606
790322,3.700000000000002,0,831.1310529051805,931.1310529051805,-28.0,-39.208892743996074,0.04931220983042879,38644
790322,3.700000000000002,1,931.1310529051805,1031.1310529051805,-60.0,-19.604446371998037,0.07005598791806247,36116
790322,3.700000000000002,2,1031.1310529051805,1131.1310529051805,-52.0,-27.446224920797253,0.08048136823993401,32914
790322,3.700000000000002,3,1131.1310529051805,1231.1310529051805,-32.0,-27.446224920797253,0.09958482955952987,33058
790322,3.700000000000002,4,1231.1310529051805,1331.1310529051805,-60.0,-3.9208892743996073,0.06362541574670003,33268
790322,3.800000000000002,0,831.1310529051805,931.1310529051805,0.0,31.36711419519686,0.047946789496507575,38499
790322,3.800000000000002,1,931.1310529051805,1031.1310529051805,-48.0,-23.525335646397643,0.05773706451771494,36223
790322,3.800000000000002,2,1031.1310529051805,1131.1310529051805,-60.0,-23.525335646397643,0.0713105001716285,33143
790322,3.800000000000002,3,1131.1310529051805,1231.1310529051805,-44.0,-27.446224920797253,0.09395095995792847,33323
790322,3.800000000000002,4,1231.1310529051805,1331.1310529051805,-60.0,-3.9208892743996073,0.059199259431581344,33741
790322,3.900000000000002,0,831.1310529051805,931.1310529051805,-8.0,31.36711419519686,0.062371775632511194,38559
790322,3.900000000000002,1,931.1310529051805,1031.1310529051805,-56.0,-27.446224920797253,0.054748523253139586,36533
790322,3.900000000000002,2,1031.1310529051805,1131.1310529051805,-48.0,-23.525335646397643,0.06310885476129546,33443
790322,3.900000000000002,3,1131.1310529051805,1231.1310529051805,-56.0,-31.36711419519686,0.08672563103305421,33521
790322,3.900000000000002,4,1231.1310529051805,1331.1310529051805,-60.0,0.0,0.040209333982204325,34162
790322,4.000000000000002,0,831.1310529051805,931.1310529051805,-16.0,27.446224920797253,0.0663618209818914,38633
790322,4.000000000000002,1,931.1310529051805,1031.1310529051805,-60.0,-31.36711419519686,0.046993449726723695,36638
790322,4.000000000000002,2,1031.1310529051805,1131.1310529051805,-60.0,-27.446224920797253,0.06947399313529318,33558
790322,4.000000000000002,3,1131.1310529051805,1231.1310529051805,-60.0,-31.36711419519686,0.07834439606792602,33773
790322,4.000000000000002,4,1231.1310529051805,1331.1310529051805,-60.0,0.0,0.018995660604170884,34451
