subject,method,c_um,tilt_deg,rough_um,above_frac,above_frac_5,cum_above_ratio,onset_depth_um,above_peak_pos,onset_x_spread,onset_y_spread,above_x_max,above_y_max
755252,baseline_image_5pct,202.31608732404987,9.32876021538465,39.12155180143449,0.027115263614023007,0.021191219593271044,0.3043710021321961,2.5,-2.5,0.0,0.0,0.06530554172298499,0.05725462304409673
755252,N1_margin_1pct,163.82085573573076,9.695190821465177,40.71933495394734,0.010209775266225825,0.009319387888357294,0.15415869980879543,2.5,-22.5,5.0,25.0,0.049228142562424415,0.03805120910384068
755252,N1_margin_0p5pct,155.15380317017008,9.477985017882531,53.379785033254834,0.009485593532226087,0.008583334322652642,0.12458419958419957,2.5,-17.5,15.0,40.0,0.047591947072632854,0.03755334281650071
755252,N1_margin_0p1pct,144.91606625487924,8.921686193107856,70.22956286718434,0.008405256847078936,0.007063739864423682,0.0952979181622398,2.5,-2.5,45.0,55.0,0.04410613929003344,0.03648648648648649
755252,N2_per_channel_shallowest_1pct,3.999993485101187,1.2248605816906725e-06,25.092028758616173,0.0,0.0,0.0,162.5,-197.5,0.0,10.0,0.0,0.0
755252,N2_per_channel_shallowest_0p5pct,3.9999995976050746,3.707911829357245e-08,10.160062743515978,0.0,0.0,0.0,162.5,-197.5,0.0,10.0,0.0,0.0
755252,N3_roi_leading_edge_q0_off-15,216.00378231964316,9.215207758120515,76.36362732021996,0.04907815226811345,0.04095781938195244,0.4488924279716229,2.5,-2.5,115.0,0.0,0.07106779540442484,0.08396025550035487
755252,N3_roi_leading_edge_q0_off-30,201.00378231964316,9.215207758120515,76.36362732021996,0.027518905891990075,0.02133368157373001,0.31329969363849336,2.5,-2.5,0.0,5.0,0.06708401508145408,0.06365576102418208
755252,N3_roi_leading_edge_q2_off-5,296.242067263233,8.605351438796326,92.52957313769049,0.07938693861075825,0.07848467940118481,0.38745750927070466,77.5,-62.5,50.0,45.0,0.096652957027372,0.1312278211497516
755252,N4_image_ceiling_1pct_off5,113.60818300739615,9.695190821465177,40.71933495394734,0.0,0.0,0.0,27.5,-197.5,55.0,70.0,0.0,0.0
755252,N4_image_ceiling_0p5pct_off5,97.66100384315843,9.477985017882531,53.379785033254834,0.0,0.0,0.0,57.5,-197.5,75.0,90.0,0.0,0.0
755252,N4_image_ceiling_0p1pct_off10,67.92788582736426,8.921686193107856,70.22956286718434,0.0,0.0,0.0,82.5,-197.5,110.0,120.0,0.0,0.0
755252,N5_roi_quadratic_off-3,288.0755244934935,8.542215382748745,90.8676187358526,0.08005176118623343,0.07898329633279119,0.38690612806977276,72.5,-77.5,30.0,50.0,0.09807119557509573,0.13094393186657205
755252,N5_roi_quadratic_off-10,281.0755244934935,8.542215382748745,90.8676187358526,0.07867462870846342,0.07785547232082438,0.39471489834815743,77.5,-72.5,30.0,50.0,0.09622748546305489,0.13016323633782825
755252,N5_roi_quadratic_q0_off-3,268.05577765116914,9.198549138652718,75.34335175616268,0.0647489701185996,0.058124488027257726,0.5081366459627328,2.5,-12.5,100.0,0.0,0.07367749255424763,0.11880766501064585
755252,N6_quadratic_ceiling_off3,122.60803719610226,8.542215382748745,90.8676187358526,5.9359158524568755e-05,2.3743663409827503e-05,0.0005432420686657974,52.5,-2.5,70.0,65.0,0.00021287163840204358,0.00035607463324312775
755252,N6_quadratic_ceiling_off5,120.60803719610226,8.542215382748745,90.8676187358526,2.3743663409827503e-05,1.1871831704913751e-05,0.0002175805047867711,52.5,-7.5,70.0,70.0,0.00014201519562593199,0.0001424298532972511
755252,N6_quadratic_ceiling_q95_off3,158.30017566358438,8.542215382748745,90.8676187358526,0.002338750845868009,0.0018401339142616313,0.025491718426501036,12.5,-7.5,55.0,40.0,0.01003058974176567,0.012676256943455349
755252,N9_gauss_sig250_off3,-159.65642457641712,,86.61307591023345,0.00010684648534422375,5.9359158524568755e-05,0.0009941089837997052,42.5,-2.5,75.0,60.0,0.00042604558687779593,0.00064093433983763
755252,N9_gauss_sig200_off3,-154.85580017840874,,82.74299858285949,0.00013059014875405127,7.123099022948251e-05,0.0011618081960287285,47.5,-2.5,55.0,50.0,0.00042604558687779593,0.0007833641931348811
755252,N9_gauss_sig150_off3,-146.3794826663801,,76.14158534627214,0.0001662056438687925,0.00010684648534422375,0.0014336428181321676,42.5,-2.5,40.0,45.0,0.0005680607825037279,0.0009970089730807576
755252,N10_hybrid_sig80_off3,181.1416017943228,8.542215382748745,52.222658985193384,0.0014483634679994775,0.0011040803485569788,0.009767292912040988,42.5,-2.5,50.0,40.0,0.0033373570972094015,0.003347101552485401
755252,N10_hybrid_sig120_off3,154.84136179075017,8.542215382748745,69.2679861612766,0.000332411287737585,0.0002730521292130163,0.0026528549772612438,47.5,-7.5,45.0,50.0,0.0009230987715685579,0.0016379433129183876
755252,N10_hybrid_sig180_off3,139.4932760348761,8.542215382748745,80.18599915473708,0.00013059014875405127,8.310282193439625e-05,0.0011127596439169144,52.5,-2.5,25.0,30.0,0.00042604558687779593,0.0007833641931348811
755252,N10_hybrid_sig120_q95_off3,185.9452342958392,8.542215382748745,69.2679861612766,0.003525934016359384,0.002813624114064559,0.029644663295182325,17.5,-7.5,30.0,25.0,0.011568488289567068,0.009432624113475178
755252,N10_hybrid_sig100_off3,166.05381966783762,8.542215382748745,62.590603290528456,0.0006410789120653425,0.0005698479218358601,0.0048202808855034515,47.5,-7.5,50.0,45.0,0.0016331747496982176,0.00256373735935052
755252,N10_hybrid_sig120_off5,152.84136179075017,8.542215382748745,69.2679861612766,0.0003086676243277575,0.0002493084658031888,0.0024717961718849035,47.5,-22.5,45.0,45.0,0.0008520911737555919,0.0015667283862697621
755252,N11_multichannel_band100_m25,46.97027121099843,10.599384210920123,15.919654921934663,0.0,0.0,0.0,27.5,-197.5,15.0,10.0,0.0,0.0
755252,N11_multichannel_band100_m15,42.835171335122226,10.726178626247117,15.526792279272914,0.0,0.0,0.0,27.5,-197.5,25.0,10.0,0.0,0.0
755252,N11_multichannel_band150_m25,55.36122759164245,10.262050202047378,24.636545942812276,0.0,0.0,0.0,27.5,-197.5,25.0,10.0,0.0,0.0
767018,baseline_image_5pct,238.49446769791572,6.514508863876598,105.61511457991142,0.10830737470738945,0.1075147918087479,0.9411843229389149,82.5,-92.5,45.0,40.0,0.15388443461432125,0.14224185532854777
767018,N1_margin_1pct,138.9079590277662,7.050901791199766,65.40010898292596,0.07035555637476269,0.06077083294932999,1.4741246138002062,2.5,-22.5,0.0,0.0,0.10809321800451765,0.10839315295416897
767018,N1_margin_0p5pct,129.47262772857982,6.692200658049064,43.80982001029958,0.02814590898199178,0.013013105266068236,0.7155576382380506,2.5,-2.5,0.0,0.0,0.07129083797035976,0.04522363335173937
767018,N1_margin_0p1pct,125.9476757810081,6.57097783546644,33.18964221676553,0.008884301328958767,0.003115035113265626,0.23458792991563918,2.5,-2.5,0.0,0.0,0.019117403999779625,0.02495858641634456
767018,N2_per_channel_shallowest_1pct,0.7311091902750851,0.2544636011614202,18.432551999487924,0.0,0.0,0.0,142.5,-197.5,30.0,45.0,0.0,0.0
767018,N2_per_channel_shallowest_0p5pct,0.2938386089623315,0.2701324496696177,8.842082304999373,0.0,0.0,0.0,142.5,-197.5,30.0,45.0,0.0,0.0
767018,N3_roi_leading_edge_q0_off-15,130.27825355004222,6.339818001769953,105.99926907506271,0.019362984535417398,0.007824452104031113,0.5089631782945737,2.5,-2.5,0.0,0.0,0.03851027491598259,0.02766427388183324
767018,N3_roi_leading_edge_q0_off-30,115.27825355004222,6.339818001769953,105.99926907506271,0.0011796582677455624,0.0005161004921386836,0.03259762308998302,2.5,-2.5,5.0,0.0,0.003649433231960188,0.0039204859193815575
767018,N3_roi_leading_edge_q2_off-5,154.40385332366426,6.675183273122201,121.75484821751408,0.09999447035186994,0.09812360606786721,1.5072235599185035,2.5,-32.5,100.0,100.0,0.1465302737074924,0.13048039757040308
767018,N4_image_ceiling_1pct_off5,92.54408216771975,7.050901791199766,65.40010898292596,7.372864173409765e-05,2.764824065028662e-05,0.0012389015073301672,7.5,-2.5,20.0,10.0,0.00016556291390728477,0.00022087244616234125
767018,N4_image_ceiling_0p5pct_off5,97.58624225284521,6.692200658049064,43.80982001029958,6.451256151733545e-05,2.764824065028662e-05,0.0011568973115910093,12.5,-2.5,10.0,15.0,0.0002207505518763797,0.0002760905577029266
767018,N4_image_ceiling_0p1pct_off10,94.33753410500042,6.57097783546644,33.18964221676553,3.6864320867048824e-05,2.764824065028662e-05,0.000521557719054242,17.5,-12.5,15.0,10.0,0.0001105888858169754,0.00011043622308117063
767018,N5_roi_quadratic_off-3,165.3721422460292,6.685669555080442,121.6746140577884,0.10103588741636407,0.09977328442666765,1.3870192307692308,2.5,-37.5,100.0,85.0,0.14791263478020458,0.1334621755935947
767018,N5_roi_quadratic_off-10,158.3721422460292,6.685669555080442,121.6746140577884,0.09877794776325734,0.09577350561259285,1.4631416090280311,2.5,-27.5,100.0,90.0,0.14271495714680674,0.1293208172280508
767018,N5_roi_quadratic_q0_off-3,136.78305313296423,6.3512517361229905,106.19903581092602,0.05396936574935948,0.036781376145097966,1.2745211839814279,2.5,-2.5,0.0,0.0,0.08859016032174535,0.08321851749793331
767018,N6_quadratic_ceiling_off3,62.715847583055194,6.685669555080442,121.6746140577884,9.216080216762206e-06,9.216080216762206e-06,7.561246093356187e-05,27.5,-57.5,40.0,40.0,5.52944429084877e-05,5.521811154058531e-05
767018,N6_quadratic_ceiling_off5,60.715847583055194,6.685669555080442,121.6746140577884,9.216080216762206e-06,9.216080216762206e-06,7.39134719621563e-05,27.5,-57.5,40.0,45.0,5.52944429084877e-05,5.521811154058531e-05
767018,N6_quadratic_ceiling_q95_off3,78.83502068867782,6.685669555080442,121.6746140577884,0.0008386632997253608,0.00021196984498553077,0.009148793565683646,7.5,-2.5,30.0,30.0,0.001988400994200497,0.004858389002373986
767018,N9_gauss_sig250_off3,-139.3440972929709,,112.56218276197153,7.372864173409765e-05,9.216080216762206e-06,0.0006623247599072744,17.5,-2.5,45.0,30.0,0.00016588332872546308,0.00016565433462175595
767018,N9_gauss_sig200_off3,-151.30578700062478,,108.20720866990295,1.8432160433524412e-05,9.216080216762206e-06,0.00013936634767258197,32.5,-107.5,45.0,40.0,5.52944429084877e-05,5.521811154058531e-05
767018,N9_gauss_sig150_off3,-166.69919593360453,,100.35210544832935,9.216080216762206e-06,9.216080216762206e-06,6.548502575744343e-05,57.5,-82.5,40.0,40.0,5.52944429084877e-05,5.521811154058531e-05
767018,N10_hybrid_sig80_off3,-5.268738534639539,6.685669555080442,66.62400173572348,0.00015667336368495752,0.00011980904281790869,0.0010817919565586289,102.5,-7.5,50.0,45.0,0.0006622516556291391,0.0006625075912328162
767018,N10_hybrid_sig120_off3,-9.04015553748124,6.685669555080442,91.48108536342001,6.451256151733545e-05,1.8432160433524412e-05,0.0004511084378759236,77.5,-2.5,40.0,35.0,0.00033112582781456954,0.0003312537956164081
767018,N10_hybrid_sig180_off3,7.915142097237464,6.685669555080442,105.7023193382824,1.8432160433524412e-05,9.216080216762206e-06,0.0001332741003998223,47.5,-87.5,45.0,40.0,5.52944429084877e-05,5.521811154058531e-05
767018,N10_hybrid_sig120_q95_off3,42.02638527625368,6.685669555080442,91.48108536342001,0.0018155678027021547,0.0012718190699131846,0.013728860806541536,27.5,-2.5,45.0,40.0,0.0052428256070640175,0.005520896593606802
767018,N10_hybrid_sig100_off3,-12.028190772396073,6.685669555080442,81.92393921993084,7.372864173409765e-05,3.6864320867048824e-05,0.0005202011444425178,92.5,-2.5,40.0,30.0,0.00038631346578366446,0.0003864627615524761
767018,N10_hybrid_sig120_off5,-11.04015553748124,6.685669555080442,91.48108536342001,2.764824065028662e-05,9.216080216762206e-06,0.0001937984496124031,82.5,-2.5,40.0,35.0,0.00011037527593818985,0.00011041793187213604
767018,N11_multichannel_band100_m25,98.00013988334824,6.435497905225206,15.746185341028834,6.451256151733545e-05,3.6864320867048824e-05,0.001642164529246168,7.5,-2.5,15.0,10.0,0.0002207505518763797,0.0002760905577029266
767018,N11_multichannel_band100_m15,97.05459950882923,6.483789700362883,16.13285704546803,6.451256151733545e-05,3.6864320867048824e-05,0.0017073170731707321,2.5,-2.5,10.0,10.0,0.0002207505518763797,0.0002760905577029266
767018,N11_multichannel_band150_m25,97.63931865160211,6.54428735521766,25.915448689826146,6.451256151733545e-05,3.6864320867048824e-05,0.0016577202399747398,7.5,-2.5,10.0,10.0,0.0002207505518763797,0.0002760905577029266
767022,baseline_image_5pct,289.5134584213926,3.8513625106787472,87.21829076769139,0.04666212534059946,0.045941626493397614,0.30361404705080125,82.5,-62.5,15.0,25.0,0.06108897742363878,0.05055872470110182
767022,N1_margin_1pct,238.1364705545158,3.481149722960852,54.10851344850795,0.029946552085516664,0.02267606371829805,0.37102358796797236,2.5,-2.5,0.0,0.0,0.04323942556697795,0.03868744615866552
767022,N1_margin_0p5pct,230.872656647013,3.4562342519736555,43.42399681895619,0.021221966044854327,0.015837874659400546,0.28791469194312796,2.5,-7.5,0.0,0.0,0.03472058938788306,0.030624263839811542
767022,N1_margin_0p1pct,220.2147393081989,3.4317578030254166,25.133756929467342,0.01100398239362817,0.00514829176273318,0.17217819076250346,2.5,-2.5,0.0,0.0,0.02649110431852026,0.017426799591804695
767022,N2_per_channel_shallowest_1pct,62.195733677353225,5.1738019069863945,80.83447127369398,0.0,0.0,0.0,67.5,-197.5,45.0,75.0,0.0,0.0
767022,N2_per_channel_shallowest_0p5pct,3.9999999512529745,4.907329930637579e-09,2.6058670063901084,0.0,0.0,0.0,172.5,-197.5,15.0,25.0,0.0,0.0
767022,N3_roi_leading_edge_q0_off-15,203.26608632901232,4.061554129651286,84.25762312256056,0.007466988052819115,0.0035631942988891218,0.1234835355285962,2.5,-2.5,0.0,0.0,0.012952351047962949,0.02033126619043881
767022,N3_roi_leading_edge_q0_off-30,188.26608632901232,4.061554129651286,84.25762312256056,0.0008383986585621463,0.00028819953888073777,0.017614678899082564,2.5,-2.5,5.0,5.0,0.002825967501373734,0.004317450349320983
767022,N3_roi_leading_edge_q2_off-5,314.2361923244926,3.0311287494487744,96.01916217009763,0.04954412072940683,0.048653322154684556,0.2803973902728351,62.5,-92.5,10.0,15.0,0.06554175455042575,0.05243416425724779
767022,N4_image_ceiling_1pct_off5,193.3823752248532,3.481149722960852,54.10851344850795,0.0,0.0,0.0,12.5,-197.5,20.0,20.0,0.0,0.0
767022,N4_image_ceiling_0p5pct_off5,191.014132761241,3.4562342519736555,43.42399681895619,0.0,0.0,0.0,12.5,-197.5,20.0,20.0,0.0,0.0
767022,N4_image_ceiling_0p1pct_off10,181.8131068965297,3.4317578030254166,25.133756929467342,0.0,0.0,0.0,22.5,-197.5,20.0,20.0,0.0,0.0
767022,N5_roi_quadratic_off-3,319.9326789947689,3.0552722233621656,95.25982479729534,0.049662020540767134,0.04883672186124502,0.2794348894348895,62.5,-102.5,25.0,20.0,0.06546363565346457,0.05266859420176604
767022,N5_roi_quadratic_off-10,312.9326789947689,3.0552722233621656,95.25982479729534,0.048653322154684556,0.047932823307482705,0.28244777935510046,67.5,-92.5,10.0,20.0,0.06390125771424107,0.051730874423693056
767022,N5_roi_quadratic_q0_off-3,208.9896960919844,4.049832917708129,84.44805629799552,0.023475162439740096,0.015995074407880946,0.31780562780799243,2.5,-2.5,0.0,0.0,0.029060229669557066,0.030536148834288405
767022,N6_quadratic_ceiling_off3,175.53091059128695,3.0552722233621656,95.25982479729534,6.549989520016767e-05,5.2399916160134143e-05,0.0011353315168029065,12.5,-7.5,35.0,55.0,0.0003918802413982287,0.00039157334168689795
767022,N6_quadratic_ceiling_off5,173.53091059128695,3.0552722233621656,95.25982479729534,6.549989520016767e-05,1.3099979040033536e-05,0.0011237638597542704,12.5,-2.5,35.0,50.0,0.0003918802413982287,0.00039157334168689795
767022,N6_quadratic_ceiling_q95_off3,186.16478918046553,3.0552722233621656,95.25982479729534,0.0007466988052819115,0.00028819953888073777,0.01411356883459888,2.5,-2.5,20.0,45.0,0.004389058703660162,0.0014871634314339386
767022,N9_gauss_sig250_off3,-141.36768008533835,,92.19406078969331,0.00024889960176063716,9.169985328023475e-05,0.004134029590948652,7.5,-2.5,35.0,50.0,0.0014107688690336232,0.0008614613517111755
767022,N9_gauss_sig200_off3,-139.66634312872134,,89.61842692747643,0.00039299937120100607,0.00028819953888073777,0.006290187307799831,7.5,-7.5,30.0,50.0,0.002037777255270789,0.0012530346933980734
767022,N9_gauss_sig150_off3,-141.9935406382886,,84.58942739056064,0.00048469922448124084,0.00035369943408090546,0.007088122605363983,12.5,-2.5,40.0,50.0,0.0022729054001097266,0.0013313493617354531
767022,N10_hybrid_sig80_off3,188.44618093571898,3.0552722233621656,61.70486874450192,0.0018863969817648292,0.0015588975057639909,0.02144133412745682,37.5,-7.5,75.0,45.0,0.004310682655380516,0.002819328060145665
767022,N10_hybrid_sig120_off3,179.72100104311346,3.0552722233621656,78.78479444905035,0.0006287989939216097,0.0004715992454412073,0.008579599618684456,17.5,-2.5,50.0,50.0,0.0025080335449486637,0.0014096640300728326
767022,N10_hybrid_sig180_off3,185.34245273035322,3.0552722233621656,87.82131988731358,0.0005108991825613079,0.00031439949696080485,0.008197869955156948,7.5,-2.5,30.0,45.0,0.002664785641507955,0.0018012373717597307
767022,N10_hybrid_sig120_q95_off3,190.36851837555878,3.0552722233621656,78.78479444905035,0.002004296793125131,0.0010610983022427164,0.026717112922002326,7.5,-2.5,40.0,45.0,0.004859314993338036,0.00391573341686898
767022,N10_hybrid_sig100_off3,179.5288196143755,3.0552722233621656,72.50910932377467,0.000903898553762314,0.0006811989100817438,0.011525612472160355,27.5,-2.5,45.0,55.0,0.0029782898346265383,0.001722922703422351
767022,N10_hybrid_sig120_off5,177.72100104311346,3.0552722233621656,78.78479444905035,0.0005370991406413749,0.0004453992873611402,0.007338902147971361,17.5,-7.5,50.0,45.0,0.0023512814483893723,0.001174720025060694
767022,N11_multichannel_band100_m25,176.8200432602086,3.9254933684112014,11.480744700117025,0.0,0.0,0.0,2.5,-197.5,5.0,5.0,0.0,0.0
767022,N11_multichannel_band100_m15,176.8234906184868,3.910034265136591,9.784938850300678,0.0,0.0,0.0,2.5,-197.5,5.0,5.0,0.0,0.0
767022,N11_multichannel_band150_m25,176.86853271774282,3.9699914544449495,20.232491123785866,0.0,0.0,0.0,2.5,-197.5,0.0,0.0,0.0,0.0
782149,baseline_image_5pct,18.397576524992854,11.074671595923498,45.04665398973475,0.10725102440762516,0.08220712122368991,0.8530364372469637,2.5,-2.5,0.0,0.0,0.16923076923076924,0.15041952707856598
782149,N1_margin_1pct,-11.567798180861711,11.579550810186417,17.805146347962708,0.026901835025832887,0.014583492402840344,0.22125313982696068,2.5,-2.5,0.0,0.0,0.05742574257425743,0.05080091533180778
782149,N1_margin_0p5pct,-15.114801028916643,11.644344723934601,18.059242543679552,0.021200783894530555,0.012191087017383116,0.1735416666666667,2.5,-2.5,0.0,0.0,0.052246763137852245,0.04012204424103737
782149,N1_margin_0p1pct,-23.986545581365988,11.885663597107483,32.38751802320251,0.018426611692245045,0.011351200020360898,0.1518881118881119,2.5,-2.5,0.0,0.0,0.052094440213252095,0.03966437833714721
782149,N2_per_channel_shallowest_1pct,3.628023121493718,0.4673503416819235,2.1414699306834275,0.0,0.0,0.0,107.5,-197.5,90.0,105.0,0.0,0.0
782149,N2_per_channel_shallowest_0p5pct,3.5422353231064987,0.4699777345086584,2.087100708310448,0.0,0.0,0.0,107.5,-197.5,90.0,105.0,0.0,0.0
782149,N3_roi_leading_edge_q0_off-15,-13.497772135784228,11.610445188351427,84.3271834654972,0.025094805426179024,0.016034206306787813,0.1929801670146138,2.5,-2.5,0.0,0.0,0.04859101294744859,0.04271548436308162
782149,N3_roi_leading_edge_q0_off-30,-28.497772135784228,11.610445188351427,84.3271834654972,0.0046321040441831465,0.0018579318418976355,0.03015241882041088,2.5,-2.5,15.0,10.0,0.027418126428027417,0.019679633867276888
782149,N3_roi_leading_edge_q2_off-5,1.31612200870841,11.619656933202386,90.65695473674592,0.08859535262528315,0.06141355526710952,0.712152209492635,2.5,-2.5,0.0,0.0,0.1337297956694114,0.13440122044241037
782149,N4_image_ceiling_1pct_off5,-53.409014740597584,11.579550810186417,17.805146347962708,0.0,0.0,0.0,27.5,-197.5,30.0,30.0,0.0,0.0
782149,N4_image_ceiling_0p5pct_off5,-55.78169767056346,11.644344723934601,18.059242543679552,0.0,0.0,0.0,32.5,-197.5,30.0,30.0,0.0,0.0
782149,N4_image_ceiling_0p1pct_off10,-69.54695890158308,11.885663597107483,32.38751802320251,0.0,0.0,0.0,37.5,-197.5,30.0,30.0,0.0,0.0
782149,N5_roi_quadratic_off-3,62.523845085683604,11.636099957961097,88.0010857068303,0.0776768216639943,0.0541090835051284,0.6208299430431244,2.5,-2.5,0.0,0.0,0.12345679012345678,0.15044921577584894
782149,N5_roi_quadratic_off-10,55.523845085683604,11.636099957961097,88.0010857068303,0.04751724313456008,0.031508487948894146,0.3869162752141476,2.5,-2.5,0.0,0.0,0.10531931108062795,0.08938632556723008
782149,N5_roi_quadratic_q0_off-3,48.84450103167002,11.653406875330214,82.57267701688244,0.047619047619047616,0.03168664579674735,0.3931773606052115,2.5,-2.5,0.0,0.0,0.10379515317786922,0.08079268292682927
782149,N6_quadratic_ceiling_off3,-18.99783568600202,11.636099957961097,88.0010857068303,0.0,0.0,0.0,62.5,-197.5,55.0,55.0,0.0,0.0
782149,N6_quadratic_ceiling_off5,-20.99783568600202,11.636099957961097,88.0010857068303,0.0,0.0,0.0,62.5,-197.5,50.0,50.0,0.0,0.0
782149,N6_quadratic_ceiling_q95_off3,11.882564522351153,11.636099957961097,88.0010857068303,0.0044793973174518335,0.001094398208241073,0.01769674219064218,27.5,-2.5,35.0,40.0,0.026825179088553575,0.024973351606517435
782149,N9_gauss_sig250_off3,-119.23192002958811,,86.06598595898483,0.0,0.0,0.0,27.5,-197.5,30.0,80.0,0.0,0.0
782149,N9_gauss_sig200_off3,-121.41866795372295,,83.79350798606852,0.0,0.0,0.0,37.5,-197.5,30.0,75.0,0.0,0.0
782149,N9_gauss_sig150_off3,-118.10859473613431,,79.44909752252738,2.545112112188542e-05,2.545112112188542e-05,8.496657981194065e-05,47.5,-12.5,40.0,70.0,0.00015241579027587258,0.0001524390243902439
782149,N10_hybrid_sig80_off3,-52.43557160500046,11.636099957961097,55.2952458637281,0.0010689470871191875,0.0008144358759003335,0.0033758439609902478,72.5,-2.5,25.0,40.0,0.0024386526444139613,0.0028932541495355567
782149,N10_hybrid_sig120_off3,-55.61132883044746,11.636099957961097,73.46738021803355,0.0001527067267313125,0.00012725560560942708,0.0004976224704191087,62.5,-12.5,35.0,65.0,0.0003049710277523635,0.00045682960255824577
782149,N10_hybrid_sig180_off3,-58.47782644826788,11.636099957961097,81.46919588260988,2.545112112188542e-05,2.545112112188542e-05,8.443093549476527e-05,47.5,-17.5,25.0,65.0,0.00015241579027587258,0.0001524390243902439
782149,N10_hybrid_sig120_q95_off3,-21.62392857882726,11.636099957961097,73.46738021803355,0.005217479829986511,0.004097630500623553,0.018627332202568445,22.5,-12.5,30.0,55.0,0.01534254898982227,0.0126389523374448
782149,N10_hybrid_sig100_off3,-59.188597912835405,11.636099957961097,67.03223815910358,0.0002799623323407396,0.00020360896897508336,0.0009023296510992016,72.5,-32.5,20.0,50.0,0.0006096631611034903,0.0009136592051164915
782149,N10_hybrid_sig120_off5,-57.61132883044746,11.636099957961097,73.46738021803355,0.0001527067267313125,0.00012725560560942708,0.0004976775049767751,62.5,-7.5,30.0,65.0,0.0003049710277523635,0.00045682960255824577
782149,N11_multichannel_band100_m25,13.507743448785,11.767008840303644,10.922084943128034,0.0,0.0,0.0,12.5,-197.5,20.0,15.0,0.0,0.0
782149,N11_multichannel_band100_m15,13.63249539979546,11.767116505143715,11.301681788388409,0.0,0.0,0.0,12.5,-197.5,20.0,15.0,0.0,0.0
782149,N11_multichannel_band150_m25,13.779235745330347,11.792730543667068,18.3080303091908,0.0,0.0,0.0,12.5,-197.5,20.0,15.0,0.0,0.0
788406,baseline_image_5pct,134.9708491441895,2.7630859424772476,92.73063046627927,0.05300333922608525,0.0521076409349833,0.350964206437292,57.5,-107.5,55.0,35.0,0.07503770739064856,0.08222013170272813
788406,N1_margin_1pct,89.12444058358739,2.9115488154750935,79.47248683690181,0.04668630917305048,0.04563347083087802,0.40134185878962536,82.5,-62.5,100.0,25.0,0.07159690799396681,0.07761053621825023
788406,N1_margin_0p5pct,68.66966388469464,2.9678551674323903,71.85335304168473,0.04344922412099784,0.04193282262816735,0.4314021219055545,2.5,-47.5,95.0,90.0,0.07004147812971342,0.07539981185324553
788406,N1_margin_0p1pct,50.44185343647822,2.756517142650022,56.46743339995146,0.033604399921429974,0.030689451974071892,0.4228513050355919,2.5,-27.5,0.0,105.0,0.057126696832579184,0.05644402634054563
788406,N2_per_channel_shallowest_1pct,24.913634948177958,2.1044664621067413,21.78518318234106,0.007809860538204675,0.005602042820663917,0.14915966386554624,2.5,-2.5,0.0,0.0,0.025405354449472096,0.015058823529411765
788406,N2_per_channel_shallowest_0p5pct,23.421579127736962,1.7100166875075435,25.760449397032264,0.005507758790021607,0.004140640345708112,0.1060407422347721,2.5,-7.5,15.0,0.0,0.023048642533936653,0.008610954263128176
788406,N3_roi_leading_edge_q0_off-15,44.3249416910854,2.5924434223519426,87.55922290362713,0.031836574346886665,0.02742879591435867,0.3850247054351957,2.5,-7.5,0.0,90.0,0.06443250377073906,0.040894117647058824
788406,N3_roi_leading_edge_q0_off-30,29.3249416910854,2.5924434223519426,87.55922290362713,0.019375368296994697,0.016641131408367708,0.27347331066094926,2.5,-2.5,0.0,0.0,0.049726621417797885,0.02757906626506024
788406,N3_roi_leading_edge_q2_off-5,109.2646441510144,2.948249807451068,101.23703495149218,0.05300333922608525,0.052162639952857984,0.3612638343448768,52.5,-82.5,55.0,65.0,0.07612179487179487,0.07972718720602069
788406,N4_image_ceiling_1pct_off5,-38.28666341642649,2.9115488154750935,79.47248683690181,0.0,0.0,0.0,32.5,-197.5,40.0,30.0,0.0,0.0
788406,N4_image_ceiling_0p5pct_off5,-39.24237279668482,2.9678551674323903,71.85335304168473,0.0,0.0,0.0,32.5,-197.5,40.0,30.0,0.0,0.0
788406,N4_image_ceiling_0p1pct_off10,-37.24932037027872,2.756517142650022,56.46743339995146,0.0,0.0,0.0,32.5,-197.5,35.0,25.0,0.0,0.0
788406,N5_roi_quadratic_off-3,62.22939694368915,2.9466713287561768,100.62894805433132,0.052971911215871144,0.05213906894519741,0.3508534554537886,47.5,-92.5,45.0,60.0,0.07418929110105581,0.08019755409219191
788406,N5_roi_quadratic_off-10,55.22939694368915,2.9466713287561768,100.62894805433132,0.05181693184050285,0.05102337458259674,0.35502799310938843,52.5,-87.5,45.0,55.0,0.07352941176470588,0.07916274694261524
788406,N5_roi_quadratic_q0_off-3,0.750077657215309,2.606918025204556,87.51766005555073,0.037470045177764685,0.03448438420742487,0.4169678246677548,2.5,-12.5,0.0,90.0,0.059247737556561084,0.05536218250235184
788406,N6_quadratic_ceiling_off3,-88.44712007052357,2.9466713287561768,100.62894805433132,1.571400510705166e-05,0.0,0.00021434695627322093,22.5,-2.5,35.0,40.0,4.71342383107089e-05,9.412650602409639e-05
788406,N6_quadratic_ceiling_off5,-90.44712007052357,2.9466713287561768,100.62894805433132,7.85700255352583e-06,0.0,0.00010530749789385005,27.5,-2.5,30.0,45.0,4.706989879971758e-05,4.7063253012048195e-05
788406,N6_quadratic_ceiling_q95_off3,-77.15817986453871,2.9466713287561768,100.62894805433132,0.0012178353957965037,0.0004792771557650756,0.01879547291835085,7.5,-2.5,25.0,30.0,0.003012473523181925,0.00597703313253012
788406,N9_gauss_sig250_off3,-155.32007388330157,,96.14108298919498,3.142801021410332e-05,0.0,0.0004212299915754002,37.5,-2.5,30.0,45.0,0.0001885369532428356,0.00018825301204819278
788406,N9_gauss_sig200_off3,-152.88135137594475,,93.70672625307488,8.642702808878412e-05,3.928501276762915e-05,0.001155785934435416,32.5,-2.5,25.0,45.0,0.0002822865208186309,0.0005176957831325302
788406,N9_gauss_sig150_off3,-149.99838860733524,,88.62178795935215,0.00018856806128461992,0.00010214103319583579,0.002466767164588187,32.5,-2.5,10.0,35.0,0.0004704775346977182,0.0008942018072289156
788406,N10_hybrid_sig80_off3,-75.6353403177128,2.9466713287561768,63.01622316525112,0.0007935572579061089,0.0006757022196032214,0.008600136239782017,57.5,-27.5,30.0,25.0,0.0012221491021904673,0.0018354668674698796
788406,N10_hybrid_sig120_off3,-78.83594387580035,2.9466713287561768,82.45836184648634,0.0004557061481044981,0.00036927912001571403,0.005589104458435052,32.5,-7.5,25.0,25.0,0.0008931089592930338,0.0012707078313253012
788406,N10_hybrid_sig180_off3,-82.88163034480266,2.9466713287561768,92.27409377374727,0.00011785503830288745,6.285602042820663e-05,0.0015681628101477556,27.5,-2.5,20.0,40.0,0.00037638202775817453,0.0005647590361445783
788406,N10_hybrid_sig120_q95_off3,-51.3738860517778,2.9466713287561768,82.45836184648634,0.002734236888626989,0.0017206835592221568,0.03458786111847336,7.5,-2.5,15.0,15.0,0.004230913877397518,0.004235692771084337
788406,N10_hybrid_sig100_off3,-70.60093099683039,2.9466713287561768,75.27923794542002,0.0009664113140836771,0.0006207032017285406,0.011148036253776434,37.5,-2.5,30.0,25.0,0.0016496983408748115,0.0026355421686746986
788406,N10_hybrid_sig120_off5,-80.83594387580035,2.9466713287561768,82.45836184648634,0.000416421135336869,0.00030642309958750735,0.005101386036960985,37.5,-7.5,20.0,25.0,0.0008461032245934004,0.0011295180722891566
788406,N11_multichannel_band100_m25,-64.67812005004711,2.2622285475366475,23.03429759696904,0.0,0.0,0.0,12.5,-197.5,15.0,20.0,0.0,0.0
788406,N11_multichannel_band100_m15,-72.69901591534126,2.259443253411685,22.27159565527554,0.0,0.0,0.0,7.5,-197.5,15.0,35.0,0.0,0.0
788406,N11_multichannel_band150_m25,-51.33511889722064,2.075062006082837,28.233869752912078,0.0,0.0,0.0,12.5,-197.5,15.0,15.0,0.0,0.0
790322,baseline_image_5pct,169.14660670968973,3.2034909328973096,89.1527466617738,0.06645108527058911,0.06556745222271312,0.3818171980955129,62.5,-112.5,15.0,10.0,0.13412640243558663,0.11403756133325814
790322,N1_margin_1pct,125.36692872697968,3.2931272727773524,79.19071232144238,0.05939142123915434,0.05847018678498576,0.44185938082804915,87.5,-67.5,90.0,10.0,0.12375260754355302,0.10789013592013987
790322,N1_margin_0p5pct,108.41545519361036,3.286073680977102,73.82611851782383,0.05584748869607723,0.05409902330347155,0.4835322843190449,2.5,-52.5,100.0,95.0,0.11484467497321982,0.10439343522643957
790322,N1_margin_0p1pct,76.94278897385063,3.143867489138815,49.7606641056885,0.0432134161817652,0.039979695240602,0.5738598535286286,2.5,-17.5,0.0,85.0,0.07791622033038281,0.07976358007317759
790322,N2_per_channel_shallowest_1pct,58.73859332100191,2.6783476591621387,13.460951745884696,0.005358200396694836,0.003158518128578009,0.09561619324535899,2.5,-2.5,0.0,0.0,0.010017446114018797,0.012440191387559809
790322,N2_per_channel_shallowest_0p5pct,54.918283941408916,2.6071475456434525,14.8414588061289,0.002942310042395586,0.001720264337886237,0.052634529147982057,2.5,-2.5,0.0,5.0,0.008554223647926164,0.007106198183971575
790322,N3_roi_leading_edge_q0_off-15,134.58959922989612,3.0921313709489877,84.38727904625516,0.038043222816533336,0.034424087460871035,0.3265114027538727,2.5,-12.5,95.0,85.0,0.052273238802610845,0.06631016042780749
790322,N3_roi_leading_edge_q0_off-30,119.58959922989612,3.0921313709489877,84.38727904625516,0.02422470600400455,0.020060350257099617,0.23036352800953525,2.5,-2.5,100.0,65.0,0.030333727277843434,0.033175888439046335
790322,N3_roi_leading_edge_q2_off-5,191.71182303035135,3.3250298198562676,97.78668961853926,0.061045883116028536,0.05880859944161912,0.371731151552225,47.5,-67.5,75.0,50.0,0.10345605232000903,0.09818961141503581
790322,N4_image_ceiling_1pct_off5,-51.34939383302098,3.2931272727773524,79.19071232144238,1.880070314629767e-05,1.880070314629767e-05,0.00022265103161644653,82.5,-12.5,15.0,20.0,0.00011247961307013104,0.00011273321684234259
790322,N4_image_ceiling_0p5pct_off5,-50.69704827258478,3.286073680977102,73.82611851782383,1.880070314629767e-05,1.880070314629767e-05,0.00022245291413317515,82.5,-12.5,15.0,20.0,0.00011247961307013104,0.00011273321684234259
790322,N4_image_ceiling_0p1pct_off10,-48.128664586557264,3.143867489138815,49.7606641056885,1.880070314629767e-05,9.400351573148835e-06,0.00022361359570661896,82.5,-7.5,10.0,15.0,0.00011247961307013104,0.00011273321684234259
790322,N5_roi_quadratic_off-3,112.1669332832266,3.3813781602059394,96.1615841283673,0.06116808768647947,0.058441985730266315,0.3717361429225836,2.5,-57.5,65.0,50.0,0.09793087895359982,0.09317015396762732
790322,N5_roi_quadratic_off-10,105.1669332832266,3.3813781602059394,96.1615841283673,0.05771815865913385,0.055753485180345744,0.3632053105737317,2.5,-52.5,65.0,40.0,0.08631673902012742,0.09141570503799606
790322,N5_roi_quadratic_q0_off-3,84.42569288441298,3.1149688405675633,83.20502707978982,0.04557290442662556,0.04373043551828838,0.370114006514658,2.5,-22.5,85.0,75.0,0.0629079450821517,0.08224036025893611
790322,N6_quadratic_ceiling_off3,-130.41770207980295,3.3813781602059394,96.1615841283673,2.8201054719446506e-05,1.880070314629767e-05,0.0004669987546699877,122.5,-7.5,85.0,75.0,0.00016871941960519654,0.00016909982526351389
790322,N6_quadratic_ceiling_off5,-132.41770207980295,3.3813781602059394,96.1615841283673,1.880070314629767e-05,1.880070314629767e-05,0.000315059861373661,127.5,-7.5,85.0,70.0,0.00011247961307013104,0.00011273321684234259
790322,N6_quadratic_ceiling_q95_off3,-50.771680240806745,3.3813781602059394,96.1615841283673,0.0015886594158621532,0.0007050263679861627,0.017749614899873967,57.5,-2.5,75.0,70.0,0.005909167651527942,0.006989459444225241
790322,N9_gauss_sig250_off3,-226.03670282666147,,93.14132541103517,2.8201054719446506e-05,1.880070314629767e-05,0.00039157674904281235,107.5,-12.5,90.0,80.0,0.00016871941960519654,0.00016909982526351389
790322,N9_gauss_sig200_off3,-214.14197832518371,,90.71686701191811,3.760140629259534e-05,1.880070314629767e-05,0.0004900359359686378,97.5,-17.5,85.0,80.0,0.0002249592261402621,0.00022546643368468518
790322,N9_gauss_sig150_off3,-189.76800745847,,85.82409520121975,8.460316415833953e-05,2.8201054719446506e-05,0.0009740259740259738,87.5,-2.5,75.0,75.0,0.00039367864574545863,0.00045093286736937036
790322,N10_hybrid_sig80_off3,-24.69540959011067,3.3813781602059394,60.97954046918457,0.001250246759228795,0.0009682362120343301,0.010904022737210316,67.5,-2.5,55.0,45.0,0.0025909654162442268,0.0019701660568533634
790322,N10_hybrid_sig120_off3,-51.2148899924789,3.3813781602059394,80.16303828042689,0.0003478130082065069,0.00027261019562131625,0.0036643338175095736,67.5,-7.5,75.0,60.0,0.0010701813675791372,0.0009018657347387407
790322,N10_hybrid_sig180_off3,-93.14546352650143,3.3813781602059394,89.26042665912559,4.700175786574418e-05,1.880070314629767e-05,0.0005987545904518602,97.5,-2.5,90.0,80.0,0.0002811990326753276,0.0002818330421058565
790322,N10_hybrid_sig120_q95_off3,-29.871761996220044,3.3813781602059394,80.16303828042689,0.0014100527359723254,0.0010998411340584137,0.013737941140554401,67.5,-2.5,70.0,60.0,0.003149429165963669,0.0032085561497326204
790322,N10_hybrid_sig100_off3,-42.55596672428334,3.3813781602059394,73.39351487444826,0.0005640210943889301,0.00043241617236484644,0.005583126550868486,62.5,-7.5,65.0,55.0,0.0016897600540723217,0.0007880664227413453
790322,N10_hybrid_sig120_off5,-53.2148899924789,3.3813781602059394,80.16303828042689,0.0002914108987676139,0.0002538094924750186,0.003078654661016948,62.5,-7.5,75.0,65.0,0.0008448800270361609,0.0007327659094752269
790322,N11_multichannel_band100_m25,48.69045397200361,1.3850675051797308,38.4692428542643,0.0,0.0,0.0,117.5,-197.5,165.0,70.0,0.0,0.0
790322,N11_multichannel_band100_m15,43.316463074346736,0.42465131464426514,36.10187831041316,0.0,0.0,0.0,97.5,-197.5,140.0,50.0,0.0,0.0
790322,N11_multichannel_band150_m25,-126.79411347392413,0.4195808313349425,30.571996972368567,2.8201054719446506e-05,1.880070314629767e-05,0.00037961869411169235,77.5,-7.5,50.0,10.0,0.00016871941960519654,0.00016909982526351389
