candidate_id,subject_id,runtime_s,load_s,confidence,n_gt,n_pred,recall,precision,recall_at_5um,recall_at_10um,recall_at_20um,median_error_um,p95_error_um,error
P14,788406,44.742,2.425,0.0,787,0,0.0,0.0,0.0,0.0,0.0,,,"KeyError: 'scales_zyx'
Traceback (most recent call last):
  File ""/root/capsule/code/full_automatic_execution_01/bench/harness.py"", line 308, in run_candidate
    result = fn(s, **extra_kwargs)
             ^^^^^^^^^^^^^^^^^^^^^
  File ""/root/capsule/code/full_automatic_execution_01/bench/candidate_impls/_p14_hungarian.py"", line 79, in run_p14
    S = np.array(ws_info[""scales_zyx""], dtype=float)
                 ~~~~~~~^^^^^^^^^^^^^^
KeyError: 'scales_zyx'
"
P1,788406,54.371,2.77,0.009393384392059265,787,623,0.2020330368487929,0.2552166934189406,0.2020330368487929,0.2020330368487929,0.2096569250317662,81.12909088802282,179.7362446364039,604,1549.201305924018,1468.4069148603126,180.0,
P1,755252,52.17,2.065,0.03745683226598599,639,542,0.03286384976525822,0.03874538745387454,0.03286384976525822,0.03286384976525822,0.04381846635367762,102.74863291155117,893.8677181346335,647,1261.1468470311431,1187.6040571312037,180.0,
P1,767022,35.756,1.925,0.0018117241698557877,793,654,0.0807061790668348,0.09785932721712538,0.0807061790668348,0.08196721311475409,0.10844892812105927,107.33753090220645,870.5565711825919,789,1359.692022781696,1270.5802069133965,180.0,
P1,782149,34.208,1.388,0.0007223344732816133,303,145,0.0,0.0,0.0,0.0,0.0,1135.545684274919,1176.09354303312,317,1539.9618147372496,1461.7250052163583,180.0,
P4,788406,138.051,3.125,0.851979603450718,787,751,0.14612452350698857,0.15312916111850866,0.14612452350698857,0.14612452350698857,0.1588310038119441,91.48949962791198,201.0445279563042,604,153.05218346811873,128.9355788078412,180.0,
P4,788406,167.352,2.89,0.8473206219467857,787,746,0.14612452350698857,0.15415549597855227,0.14612452350698857,0.14612452350698857,0.15374841168996187,91.23989351153743,202.74222983031547,604,153.05218346811873,128.9355788078412,180.0,
P4,788406,85.093,3.046,0.8422888621701642,787,738,0.16518424396442186,0.17615176151761516,0.16518424396442186,0.16518424396442186,0.17280813214739518,93.10663635861931,199.4809715443051,604,153.05218346811873,128.9355788078412,180.0,
P4,788406,84.432,2.544,0.8262706001978064,787,645,0.1372299872935197,0.16744186046511628,0.1372299872935197,0.1372299872935197,0.1423125794155019,107.86944447717242,213.01577156092603,604,153.05218346811873,128.9355788078412,180.0,
P4,755252,116.793,2.295,0.8851663134938531,639,633,0.04538341158059468,0.045813586097946286,0.04538341158059468,0.04538341158059468,0.057902973395931145,100.10742568391252,862.8103987893682,647,80.33510636929266,55.32328439029046,180.0,
P4,755252,140.785,2.039,0.8786410250832764,639,628,0.054773082942097026,0.05573248407643312,0.054773082942097026,0.054773082942097026,0.07042253521126761,99.52455685573157,862.1133705305266,647,80.33510636929266,55.32328439029046,180.0,
P4,755252,83.34,2.129,0.8554571804511584,639,558,0.0782472613458529,0.08960573476702509,0.0782472613458529,0.0782472613458529,0.09076682316118936,101.66283912587929,854.0886576654146,647,80.33510636929266,55.32328439029046,180.0,
P4,788406,59.043,2.795,0.8519797834811265,787,751,0.14612452350698857,0.15312916111850866,0.14612452350698857,0.14612452350698857,0.1588310038119441,91.48949962791198,201.0445279563042,604,153.05218346811873,128.9355788078412,180.0,
P4,788406,88.376,2.406,0.8473207440855329,787,746,0.14612452350698857,0.15415549597855227,0.14612452350698857,0.14612452350698857,0.15374841168996187,91.23989351153743,202.74222983031547,604,153.05218346811873,128.9355788078412,180.0,
P4,788406,14.754,2.235,0.8422892513029918,787,738,0.16518424396442186,0.17615176151761516,0.16518424396442186,0.16518424396442186,0.17280813214739518,93.10663635861931,199.4809715443051,604,153.05218346811873,128.9355788078412,180.0,
P4,788406,14.749,2.245,0.8262705066107475,787,645,0.1372299872935197,0.16744186046511628,0.1372299872935197,0.1372299872935197,0.1423125794155019,107.86944447717242,213.01577156092603,604,153.05218346811873,128.9355788078412,180.0,
P4,755252,53.532,1.815,0.8851662561931615,639,633,0.04538341158059468,0.045813586097946286,0.04538341158059468,0.04538341158059468,0.057902973395931145,100.10742568391252,862.8103987893682,647,80.33510636929266,55.32328439029046,180.0,
P4,755252,67.871,1.71,0.8786411286767645,639,628,0.054773082942097026,0.05573248407643312,0.054773082942097026,0.054773082942097026,0.07042253521126761,99.52455685573157,862.1133705305266,647,80.33510636929266,55.32328439029046,180.0,
P4,755252,24.769,1.751,0.8554577088487296,639,558,0.0782472613458529,0.08960573476702509,0.0782472613458529,0.0782472613458529,0.09076682316118936,101.66283912587929,854.0886576654146,647,80.33510636929266,55.32328439029046,180.0,
P4,755252,24.995,1.689,0.8395916706393728,639,297,0.08450704225352113,0.18181818181818182,0.08763693270735524,0.08763693270735524,0.09233176838810642,92.31588833370917,833.240944512127,647,80.33510636929266,55.32328439029046,180.0,
P4,767022,37.945,1.774,0.8381601322915072,793,711,0.03909205548549811,0.04360056258790436,0.03909205548549811,0.0403530895334174,0.04791929382093316,135.56156372613603,876.256985727849,789,228.81881386723916,181.6157567291442,180.0,
P4,767022,59.12,1.713,0.8368920018460272,793,706,0.034047919293820936,0.03824362606232295,0.034047919293820936,0.03656998738965952,0.04665825977301387,134.4278339440857,878.1967349998567,789,228.81881386723916,181.6157567291442,180.0,
P4,767022,11.307,1.627,0.8156209527183457,793,658,0.04539722572509458,0.0547112462006079,0.04539722572509458,0.04665825977301387,0.04791929382093316,136.8975785622447,884.4529406811175,789,228.81881386723916,181.6157567291442,180.0,
P4,767022,11.327,1.736,0.787773223181675,793,490,0.025220680958385876,0.04081632653061224,0.025220680958385876,0.025220680958385876,0.027742749054224466,154.22608662142312,888.0294702752772,789,228.81881386723916,181.6157567291442,180.0,
P4,782149,37.559,1.479,0.8355924236510109,303,206,0.0,0.0,0.0,0.0,0.0,1140.524188020459,1198.920985973993,317,411.23006048770156,407.2840273384165,180.0,
P4,782149,58.575,1.237,0.8404488858365724,303,201,0.0,0.0,0.0,0.0,0.0,1141.3751987739338,1214.2622871476096,317,411.23006048770156,407.2840273384165,180.0,
P4,782149,7.34,1.258,0.846409812562581,303,199,0.0,0.0,0.0,0.0,0.0,1144.398099058767,1206.6629072437588,317,411.23006048770156,407.2840273384165,180.0,
P4,782149,7.33,1.203,0.8329718510330401,303,191,0.0,0.0,0.0,0.0,0.0,1144.399770822972,1214.5687056176403,317,411.23006048770156,407.2840273384165,180.0,
C4,788406,183.168,2.55,0.011433440858198505,787,700,0.241423125794155,0.2714285714285714,0.241423125794155,0.241423125794155,0.25158831003811943,80.19712317507444,184.23825463067593,604,1548.4903358328866,1467.4590756681064,180.0,
C4,790322,132.026,3.476,0.012688728912381295,778,566,0.2647814910025707,0.36395759717314485,0.2647814910025707,0.2647814910025707,0.2686375321336761,63.31841214274827,153.06702433658455,437,1447.294003568184,1357.7017140555897,180.0,
C4,755252,192.49,2.089,0.020222237272583293,639,595,0.048513302034428794,0.052100840336134456,0.048513302034428794,0.048513302034428794,0.054773082942097026,100.10840712918204,891.6443732936348,647,1287.6556557287931,1213.3065274538858,180.0,
C4,767022,142.086,2.221,0.0014680380331353196,793,699,0.10844892812105927,0.12303290414878398,0.10844892812105927,0.11097099621689786,0.11727616645649433,110.32840961094347,895.492590117984,789,1344.0438895821183,1253.8447510536994,180.0,
C4,767018,128.041,14.466,0.5169909556451004,273,246,0.2783882783882784,0.3089430894308943,0.2783882783882784,0.2783882783882784,0.2783882783882784,70.76146405715204,142.81676502181105,574,1459.9300540854135,1378.5061927963684,180.0,
C4,782149,98.727,1.698,0.5413736458059142,303,184,0.0,0.0,0.0,0.0,0.0,1141.2909873718716,1180.271317546596,317,1536.8282764063645,1458.585917063253,180.0,
C5,788406,150.782,2.819,0.02087259427057653,787,777,0.25158831003811943,0.2548262548262548,0.25158831003811943,0.25158831003811943,0.2630241423125794,86.51424866618424,188.01299645050753,604,1548.4903358328866,1467.4590756681064,180.0,
C5,790322,128.462,3.154,0.0348117798365412,778,691,0.2853470437017995,0.32127351664254705,0.2853470437017995,0.2853470437017995,0.2892030848329049,72.81552247855484,159.48752918873197,437,1447.294003568184,1357.7017140555897,180.0,
C5,755252,149.92,2.215,0.8375250995662351,639,625,0.08294209702660407,0.0848,0.08294209702660407,0.08294209702660407,0.09546165884194054,102.18363227517342,874.9955198689811,647,1287.6556557287931,1213.3065274538858,180.0,
C5,767022,104.185,1.97,0.0023609829787639264,793,748,0.10844892812105927,0.11497326203208556,0.10844892812105927,0.11097099621689786,0.11727616645649433,114.284565508112,869.7031122455119,789,1344.0438895821183,1253.8447510536994,180.0,
C5,767018,127.657,14.186,0.8238463108026195,273,270,0.31135531135531136,0.3148148148148148,0.31135531135531136,0.31135531135531136,0.315018315018315,71.481467425538,143.25951920037153,574,1459.9300540854135,1378.5061927963684,180.0,
C5,782149,93.352,1.35,0.8138088806881245,303,237,0.0,0.0,0.0,0.0,0.0,1139.8782887903108,1201.7048710667304,317,1536.8282764063645,1458.585917063253,180.0,
