subject,seed,trim,status,t_s,rank_score,recip30,uniq_frac,sxy,sz,n_gt_lt5,n_gt_lt50,n_gt_lt100,median_um
788406,hcr_gfp,0.4,ok,0.451249361038208,179.69742489270385,271,0.6630901287553648,1.5042358181521531,3.7356046442310578,0,19,202,148.20377568167467
788406,hcr_gfp,0.5,ok,0.42583441734313965,177.00643776824035,270,0.6555793991416309,1.5026866922568085,3.735226464708227,0,17,203,147.81285417855793
788406,hcr_gfp,0.6,ok,0.45004987716674805,172.02253218884118,265,0.6491416309012875,1.5128072734464566,3.679093716635147,0,4,200,147.3678058187478
788406,hcr_gfp,0.7,ok,0.5386886596679688,198.2832618025751,275,0.721030042918455,1.7515866362298254,2.9424210241541697,0,0,13,144.134462326537
788406,hcr_gfp,0.8,ok,0.4847238063812256,204.77789699570815,277,0.7392703862660944,1.8395363827620193,3.4574505879306443,0,21,214,142.38693188185255
788406,hcr_gfp,0.9,ok,0.5260131359100342,215.7274678111588,286,0.7542918454935622,1.8599038063161117,3.358957510637178,0,12,183,143.27195856441256
788406,gfp_dz+100,0.4,ok,0.36714792251586914,180.19313304721032,270,0.6673819742489271,1.5728090864815947,3.1819206346541664,0,0,0,238.13308426844557
788406,gfp_dz+100,0.5,ok,0.41001462936401367,172.0557939914163,249,0.6909871244635193,1.7429812562828189,3.728664875142436,0,1,38,241.23512517956627
788406,gfp_dz+100,0.6,ok,0.4106180667877197,181.93133047210299,270,0.6738197424892703,1.604793486133339,3.1625623066309867,0,0,0,237.69507771155386
788406,gfp_dz+100,0.7,ok,0.3696787357330322,169.11695278969958,249,0.6791845493562232,1.7448985162393558,3.721767267552654,0,0,33,241.0103162692852
788406,gfp_dz+100,0.8,ok,0.38765668869018555,170.33261802575106,250,0.6813304721030042,1.7495077059099162,3.724096940947165,0,0,33,240.95202256316668
788406,gfp_dz+100,0.9,ok,0.4003269672393799,169.71888412017168,246,0.6899141630901288,1.750793784236082,3.718986186163672,0,0,27,242.58705980821648
788406,gfp_dz-100,0.4,ok,0.7430517673492432,229.03969957081546,321,0.7135193133047211,1.624293719765466,2.437369482458557,4,191,623,77.60382629025554
788406,gfp_dz-100,0.5,ok,0.8045485019683838,219.68884120171674,315,0.6974248927038627,1.6411352598179079,2.329534875830554,2,181,539,82.8762186263607
788406,gfp_dz-100,0.6,ok,0.7465884685516357,198.60515021459227,300,0.6620171673819742,1.567678153033218,2.185901804611874,0,154,432,95.3487589157176
788406,gfp_dz-100,0.7,ok,0.7520341873168945,216.32188841201716,318,0.6802575107296137,1.5749162155494099,2.2098384668323168,0,165,465,92.21630203286396
788406,gfp_dz-100,0.8,ok,0.7716455459594727,215.975321888412,319,0.677038626609442,1.573372024434747,2.209811234872269,0,165,466,92.0236802830985
788406,gfp_dz-100,0.9,ok,0.7668154239654541,210.90557939914163,313,0.6738197424892703,1.5678870929009445,2.2081263200720365,0,162,459,92.69238286600543
788406,gfp_dz+200,0.4,ok,0.3763420581817627,163.99570815450645,271,0.6051502145922747,1.5114787060895511,2.1991918906773806,0,0,0,340.44352780661984
788406,gfp_dz+200,0.5,ok,0.5404496192932129,157.77682403433477,264,0.5976394849785408,1.5105167865319014,2.2039104352141043,0,0,0,340.7324312846343
788406,gfp_dz+200,0.6,ok,0.49280714988708496,160.7156652360515,267,0.601931330472103,1.5157800071807888,2.2056806965163025,0,0,0,341.0457238362645
788406,gfp_dz+200,0.7,ok,0.5065915584564209,163.7049356223176,271,0.6040772532188842,1.5061491367179098,2.231038479657494,0,0,0,340.8521865346672
788406,gfp_dz+200,0.8,ok,0.4232499599456787,153.7821888412017,245,0.6276824034334764,1.7647444285358889,3.5527028895379607,0,0,0,339.8890723915713
788406,gfp_dz+200,0.9,ok,0.3732717037200928,166.42918454935622,276,0.6030042918454935,1.5203544989675524,2.210438722398785,0,0,0,341.2253676132416
788406,gfp_q25,0.4,ok,0.6318569183349609,97.25751072961374,172,0.5654506437768241,1.7139145209969562,2.9094133916398666,0,0,0,738.1787572938999
788406,gfp_q25,0.5,ok,0.599409818649292,113.35622317596567,186,0.6094420600858369,1.8624641928776033,3.347721133264807,0,0,0,733.1952265632891
788406,gfp_q25,0.6,ok,0.6755821704864502,111.52789699570815,183,0.6094420600858369,1.8323005510107824,3.474259613102313,0,0,0,730.1201044209104
788406,gfp_q25,0.7,ok,0.7567834854125977,115.38626609442059,190,0.6072961373390557,1.844350778049226,3.4263594320831325,0,0,0,728.6111524302439
788406,gfp_q25,0.8,ok,0.7107102870941162,98.71030042918456,171,0.5772532188841202,1.6952182427245965,2.9133253702056168,0,0,0,731.8882493405566
788406,gfp_q25,0.9,ok,0.6422393321990967,111.82403433476394,180,0.621244635193133,1.9977229519667485,3.4534500242076023,0,0,0,738.2160519698917
788406,gfp_q75,0.4,ok,0.5655262470245361,151.69957081545064,258,0.5879828326180258,1.5081394519878129,3.7150858567309903,0,0,0,797.7040106003827
788406,gfp_q75,0.5,ok,0.6424188613891602,151.4538626609442,259,0.5847639484978541,1.533619344522097,3.620749822250514,0,0,0,798.355636925619
788406,gfp_q75,0.6,ok,0.7678318023681641,160.80257510729612,276,0.5826180257510729,1.540321038658956,3.279778114401527,0,0,0,797.4161431429262
788406,gfp_q75,0.7,ok,0.77705979347229,161.09871244635193,272,0.592274678111588,1.5404205209281148,3.2230828096868196,0,0,0,795.7958909880738
788406,gfp_q75,0.8,ok,1.061147928237915,165.23605150214593,275,0.6008583690987125,1.5381397572018694,3.19249544476384,0,0,0,794.4665083183565
788406,gfp_q75,0.9,ok,1.0199329853057861,161.99034334763948,275,0.5890557939914163,1.5422108548338613,3.160250048310549,0,0,0,794.4711646434508
755252,hcr_gfp,0.4,ok,1.4609148502349854,379.0179640718563,460,0.8239520958083832,1.6044526119570883,2.491805396562643,0,164,475,77.17066059549717
755252,hcr_gfp,0.5,ok,1.4380383491516113,423.3532934131736,505,0.8383233532934131,1.50123092876641,2.2339347387035513,0,175,448,75.41907003941256
755252,hcr_gfp,0.6,ok,1.6838173866271973,417.0,501,0.8323353293413174,1.501838147911477,2.231124803402221,0,179,454,73.84703306520824
755252,hcr_gfp,0.7,ok,1.7804994583129883,365.5928143712575,445,0.8215568862275449,1.6172644221334371,2.519757122955228,0,148,455,80.0683284233571
755252,hcr_gfp,0.8,ok,1.7172107696533203,383.1377245508982,465,0.8239520958083832,1.6065498692734839,2.4818826220769394,0,165,462,78.0604209749488
755252,hcr_gfp,0.9,ok,1.9076714515686035,434.25149700598797,518,0.8383233532934131,1.5827548491640906,2.3243629562138266,0,178,471,74.49177987254264
755252,gfp_dz+100,0.4,ok,1.0745956897735596,370.0059880239521,479,0.7724550898203593,1.5037241272870985,2.2304383900177274,0,0,20,151.09451899935542
755252,gfp_dz+100,0.5,ok,1.0359089374542236,374.4311377245509,481,0.7784431137724551,1.5041796194350612,2.23285755211044,0,0,25,151.24121853295443
755252,gfp_dz+100,0.6,ok,1.1245508193969727,376.3640718562874,482,0.7808383233532934,1.502446227849967,2.126063137826894,0,0,9,147.92210825239388
755252,gfp_dz+100,0.7,ok,1.1404218673706055,379.45868263473056,483,0.7856287425149701,1.5032952209093642,2.1451827439166173,0,0,8,148.31859649180734
755252,gfp_dz+100,0.8,ok,1.1624245643615723,370.57964071856287,479,0.7736526946107785,1.5057869778289925,2.1546833561181176,0,0,8,149.01986872238976
755252,gfp_dz+100,0.9,ok,1.3148863315582275,365.4083832335329,476,0.7676646706586826,1.503294107378672,2.1989089616539554,0,0,17,151.01098540386081
755252,gfp_dz-100,0.4,ok,1.8639123439788818,367.07305389221557,463,0.792814371257485,1.512275430181611,2.1814257166912028,0,1,418,91.45807780406324
755252,gfp_dz-100,0.5,ok,1.8298068046569824,383.88502994011975,477,0.8047904191616766,1.582135829478274,2.2808987081338064,0,8,392,94.17720061220012
755252,gfp_dz-100,0.6,ok,2.241363048553467,371.9473053892215,472,0.7880239520958083,1.520415026747436,2.141649234714576,0,2,417,91.32494542806516
755252,gfp_dz-100,0.7,ok,2.0409202575683594,363.35209580838324,459,0.7916167664670659,1.514438127994452,2.1704315781543637,0,1,417,91.7140887312863
755252,gfp_dz-100,0.8,ok,2.0034379959106445,366.28023952095805,462,0.792814371257485,1.5207446355090313,2.1733467684384005,0,2,420,91.54303346252158
755252,gfp_dz-100,0.9,ok,2.2673702239990234,391.65029940119757,494,0.792814371257485,1.5444008849622968,1.9824547912285613,0,9,399,89.64021299212199
755252,gfp_dz+200,0.4,ok,1.0386526584625244,264.89101796407186,384,0.6898203592814371,1.810943566421247,2.773455584464517,0,0,1,267.7746043775849
755252,gfp_dz+200,0.5,ok,0.9180698394775391,308.33532934131733,420,0.7341317365269461,1.9974308192779104,2.236864726522189,0,0,0,253.41270078752672
755252,gfp_dz+200,0.6,ok,0.9765646457672119,304.1676646706587,415,0.732934131736527,1.9987322228323765,2.236461951906725,0,0,0,253.33807459276483
755252,gfp_dz+200,0.7,ok,1.6222703456878662,254.82994011976047,389,0.6550898203592814,1.5636289310981921,2.401545783707371,0,0,0,248.95849258838751
755252,gfp_dz+200,0.8,ok,1.795074224472046,313.0239520958084,425,0.7365269461077845,1.9958378969898791,2.2293535443217527,0,0,0,252.2129148803468
755252,gfp_dz+200,0.9,ok,2.075167417526245,257.734131736527,392,0.6574850299401198,1.569924508888112,2.395469852080973,0,0,0,248.82300349522606
755252,gfp_q25,0.4,ok,1.4244837760925293,345.0826347305389,432,0.7988023952095809,1.5626927378718682,2.3619059992704443,0,0,0,594.2854419650141
755252,gfp_q25,0.5,ok,1.6557865142822266,357.0526946107784,443,0.8059880239520958,1.5847681165012513,2.200786382511813,0,0,0,593.9741516268728
755252,gfp_q25,0.6,ok,1.8803327083587646,348.8263473053892,438,0.7964071856287425,1.5655679446971709,2.2540016380313053,0,0,0,593.7007817689594
755252,gfp_q25,0.7,ok,1.6023368835449219,322.2754491017964,414,0.7784431137724551,1.553112568645874,2.4236452127424997,0,0,0,591.8229962037899
755252,gfp_q25,0.8,ok,1.5814299583435059,367.55449101796404,452,0.8131736526946107,1.5777144196561705,2.2449022904860683,0,0,0,593.3203645211444
755252,gfp_q25,0.9,ok,1.721689224243164,364.57724550898206,449,0.8119760479041916,1.5872353444788034,2.207039721951456,0,0,0,593.2337658438645
755252,gfp_q75,0.4,ok,1.2688281536102295,433.33652694610777,529,0.8191616766467066,1.4996531099859842,2.240739401586109,0,0,0,699.7053391682359
755252,gfp_q75,0.5,ok,1.3542718887329102,382.1365269461078,482,0.792814371257485,1.5357706281329495,2.659624575945906,0,0,0,700.6115911347846
755252,gfp_q75,0.6,ok,1.6244699954986572,431.50898203592817,526,0.8203592814371258,1.50073258467887,2.2400223244765343,0,0,0,699.1190183562493
755252,gfp_q75,0.7,ok,1.4974353313446045,435.7940119760479,532,0.8191616766467066,1.4991548600850333,2.237135703455375,0,0,0,698.3943430404578
755252,gfp_q75,0.8,ok,1.6844780445098877,439.7125748502994,536,0.8203592814371258,1.5006157002359701,2.2306853896110126,0,0,0,697.9266538185169
755252,gfp_q75,0.9,ok,1.9281344413757324,433.97005988023955,529,0.8203592814371258,1.4988830578225782,2.22831108880697,0,0,0,698.8812698951023
767018,hcr_gfp,0.4,ok,0.22849535942077637,88.41783439490446,144,0.6140127388535032,1.5586572122179612,3.253948296364201,1,34,161,91.35125800973458
767018,hcr_gfp,0.5,ok,0.2492990493774414,82.10700636942674,134,0.6127388535031847,1.5650116114761927,3.0506429742667676,0,19,145,97.61009269601247
767018,hcr_gfp,0.6,ok,0.21943426132202148,88.27515923566878,142,0.621656050955414,1.5705326352420235,3.396438999437015,0,43,172,85.67722420624753
767018,hcr_gfp,0.7,ok,0.20355463027954102,92.94777070063694,148,0.6280254777070063,1.5604803725913543,3.4694892867007563,0,41,174,83.46529633719977
767018,hcr_gfp,0.8,ok,0.2419724464416504,114.37197452229299,154,0.7426751592356687,1.9953935080931449,3.6393171761527223,0,41,130,102.7608938414693
767018,hcr_gfp,0.9,ok,0.255049467086792,115.99999999999999,157,0.7388535031847133,1.9973430921087318,3.588644391251695,0,41,131,103.60730638786673
767018,gfp_dz+100,0.4,ok,0.20499968528747559,66.64458598726114,116,0.5745222929936306,1.4901505821513417,3.7374006042486445,0,0,34,131.2522219878777
767018,gfp_dz+100,0.5,ok,0.21162629127502441,73.6203821656051,129,0.5707006369426751,1.4921511627923412,3.714909542418633,0,0,27,133.40450421769037
767018,gfp_dz+100,0.6,ok,0.20582365989685059,75.18471337579618,130,0.578343949044586,1.4949222791997747,3.752683816716101,0,0,30,131.27018722759058
767018,gfp_dz+100,0.7,ok,0.29907751083374023,75.79108280254776,134,0.5656050955414013,1.4896538866835052,3.740787030197355,0,0,26,131.8680736115252
767018,gfp_dz+100,0.8,ok,0.23857665061950684,73.98726114649682,132,0.5605095541401274,1.4892378482658442,3.7498072463558514,0,0,26,132.50069021689092
767018,gfp_dz+100,0.9,ok,0.23585271835327148,70.69936305732485,127,0.556687898089172,1.4980475325645153,3.7381706422499343,0,0,23,132.3910716411334
767018,gfp_dz-100,0.4,ok,0.3501245975494385,98.03694267515922,153,0.640764331210191,1.5896891107244164,2.759405475761245,0,13,86,134.12956531656857
767018,gfp_dz-100,0.5,ok,0.2977120876312256,55.796178343949045,100,0.5579617834394904,1.4862631816361085,3.743552079291992,0,0,22,134.98711251890208
767018,gfp_dz-100,0.6,ok,0.29621005058288574,74.18089171974522,116,0.6394904458598726,1.7806884568160912,3.6752516537526754,0,0,39,138.9565515963464
767018,gfp_dz-100,0.7,ok,0.24286913871765137,72.05095541401273,112,0.643312101910828,1.7796876368724095,3.6783566350364163,0,0,43,139.29725620732222
767018,gfp_dz-100,0.8,ok,0.21091485023498535,58.519745222929934,103,0.5681528662420382,1.5000094761549367,3.7173103898286786,0,0,10,137.18762876866353
767018,gfp_dz-100,0.9,ok,0.2959723472595215,87.47261146496815,139,0.6292993630573248,1.5257603609004402,2.944686502168358,0,11,78,135.75837095624246
767018,gfp_dz+200,0.4,ok,0.34302544593811035,65.06496815286624,113,0.575796178343949,1.7876493318729507,3.635648439532567,0,0,0,216.37967756453466
767018,gfp_dz+200,0.5,ok,0.34813880920410156,51.46496815286624,100,0.5146496815286624,1.537114042031762,3.643984313806106,0,0,0,215.049723172745
767018,gfp_dz+200,0.6,ok,0.32664036750793457,85.9872611464968,135,0.6369426751592356,1.9777701070123115,2.6761118351099507,0,0,0,244.85540953717242
767018,gfp_dz+200,0.7,ok,0.2820560932159424,52.43312101910828,105,0.49936305732484076,1.51316878933849,3.727571488920093,0,0,0,210.899309606406
767018,gfp_dz+200,0.8,ok,0.27947378158569336,54.70828025477707,109,0.5019108280254777,1.5095493259960036,3.731874765141066,0,0,0,211.78303439854224
767018,gfp_dz+200,0.9,ok,0.342482328414917,55.54140127388535,109,0.5095541401273885,1.5095703363764152,3.741131806707274,0,0,0,211.0930289625153
767018,gfp_q25,0.4,ok,0.24774980545043945,49.68662420382166,98,0.5070063694267516,1.495560053834986,3.714877426670245,0,0,0,757.5343419249627
767018,gfp_q25,0.5,ok,0.28928065299987793,60.45859872611465,113,0.535031847133758,1.5372210092041776,3.1656385773658835,0,0,0,758.0321010677736
767018,gfp_q25,0.6,ok,0.2685859203338623,48.1656050955414,95,0.5070063694267516,1.5023960886050045,3.6217668156481073,0,0,0,760.3029425803865
767018,gfp_q25,0.7,ok,0.2332315444946289,53.77070063694268,105,0.5121019108280255,1.5187894867226712,3.58179573680878,0,0,0,755.6596460894476
767018,gfp_q25,0.8,ok,0.22823715209960938,49.68662420382166,98,0.5070063694267516,1.5132003660912607,3.6151228961222426,0,0,0,755.6156910419706
767018,gfp_q25,0.9,ok,0.17775678634643555,52.2343949044586,102,0.5121019108280255,1.5057365018005584,3.7225337808304175,0,0,0,755.0082020468724
767018,gfp_q75,0.4,ok,0.48042845726013184,49.15414012738854,109,0.45095541401273886,1.443916730178882,3.218195900460977,0,0,0,820.6222056890742
767018,gfp_q75,0.5,ok,0.6448788642883301,51.894267515923566,111,0.467515923566879,1.4846505490213993,3.3644388634598803,0,0,0,820.4868006045475
767018,gfp_q75,0.6,ok,0.677426815032959,64.35668789808918,120,0.5363057324840764,1.9814754516022655,2.378964960109483,0,0,0,850.4099026928317
767018,gfp_q75,0.7,ok,0.7080492973327637,64.05095541401273,120,0.5337579617834395,1.9824587737544748,2.3841215175170016,0,0,0,849.629663345187
767018,gfp_q75,0.8,ok,0.5484981536865234,52.746496815286626,103,0.5121019108280255,1.7969558890202837,2.432951769655192,0,0,0,840.9272553691875
767018,gfp_q75,0.9,ok,0.5758192539215088,50.72611464968153,110,0.46114649681528663,1.4787287545403724,3.365705264883526,0,0,0,819.9194760544418
767022,hcr_gfp,0.4,ok,0.37856149673461914,155.04319654427644,245,0.6328293736501079,1.500629282130613,3.5855361670262726,0,0,1,248.712647175315
767022,hcr_gfp,0.5,ok,0.3085289001464844,216.90280777537797,298,0.7278617710583153,1.5037363918903064,2.2563376173256935,0,0,0,214.79930140958098
767022,hcr_gfp,0.6,ok,0.29683637619018555,138.01295896328293,225,0.6133909287257019,1.504936634005146,3.713949472728784,0,0,1,252.0835479065741
767022,hcr_gfp,0.7,ok,0.31142354011535645,151.8963282937365,236,0.6436285097192225,1.5192621070838421,3.6204668485217937,0,0,1,248.27693425592543
767022,hcr_gfp,0.8,ok,0.3292427062988281,155.89524838012957,241,0.6468682505399568,1.5195748125914608,3.6187678818678353,0,0,0,248.58556059539146
767022,hcr_gfp,0.9,ok,0.32459115982055664,149.98380129589634,235,0.6382289416846653,1.520993617655619,3.621907917682716,0,0,0,247.36435579838192
767022,gfp_dz+100,0.4,ok,0.3082139492034912,165.73218142548598,252,0.6576673866090713,1.4891588536838642,2.981787179320683,0,0,0,273.90123863026497
767022,gfp_dz+100,0.5,ok,0.3311183452606201,161.49460043196544,248,0.6511879049676026,1.4961792643986231,2.993780069857495,0,0,0,273.91900204621913
767022,gfp_dz+100,0.6,ok,0.33254480361938477,163.1015118790497,248,0.6576673866090713,1.4975803542898245,2.984335583293907,0,0,0,273.81938900154057
767022,gfp_dz+100,0.7,ok,0.3150153160095215,158.59827213822894,246,0.6447084233261339,1.4996153405178112,2.98184192318004,0,0,0,273.9402700772042
767022,gfp_dz+100,0.8,ok,0.3519270420074463,161.98704103671707,250,0.6479481641468683,1.5019440428434232,2.9814387875818626,0,0,0,273.2647273416026
767022,gfp_dz+100,0.9,ok,0.4094884395599365,160.19222462203024,246,0.6511879049676026,1.5025356072246,2.9758757238523,0,0,0,272.3373733960929
767022,gfp_dz-100,0.4,ok,0.29795074462890625,171.63606911447084,239,0.7181425485961123,1.9947971586412339,3.7207251711661726,0,0,0,238.27462982511642
767022,gfp_dz-100,0.5,ok,0.30008602142333984,176.2257019438445,253,0.6965442764578834,1.5040687233716086,2.975428607858224,0,0,1,214.81716088745856
767022,gfp_dz-100,0.6,ok,0.30243825912475586,172.03131749460044,241,0.7138228941684666,1.9930591475390464,3.731028577953279,0,0,0,236.81614745821972
767022,gfp_dz-100,0.7,ok,0.2965090274810791,171.377969762419,239,0.7170626349892009,1.9918326271136868,3.7308854063293433,0,0,0,236.67890239293885
767022,gfp_dz-100,0.8,ok,0.302764892578125,168.04535637149027,234,0.7181425485961123,1.9947789733399648,3.72587854993956,0,0,0,237.6741381089415
767022,gfp_dz-100,0.9,ok,0.32627224922180176,168.92008639308855,237,0.712742980561555,1.9941399324093791,3.7150544963745813,0,0,0,237.51123575216144
767022,gfp_dz+200,0.4,ok,0.3314070701599121,151.64146868250538,236,0.642548596112311,1.746121613460585,2.970454751094506,0,0,0,341.61477514977565
767022,gfp_dz+200,0.5,ok,0.3065323829650879,161.43844492440604,266,0.6069114470842333,1.5033388273110178,2.242728661024512,0,0,0,335.23758655763805
767022,gfp_dz+200,0.6,ok,0.2999434471130371,135.53347732181425,212,0.6393088552915767,1.9969718852335658,3.7296744068623098,0,0,0,371.0190989004354
767022,gfp_dz+200,0.7,ok,0.2987244129180908,133.7548596112311,211,0.6339092872570194,1.9904942099321294,3.724828123722222,0,0,0,371.8875008796995
767022,gfp_dz+200,0.8,ok,0.3219790458679199,129.5086393088553,205,0.6317494600431965,1.9881402689015888,3.724144915328128,0,0,0,370.9852109098503
767022,gfp_dz+200,0.9,ok,0.30581092834472656,130.80777537796976,206,0.6349892008639308,1.9861666286056547,3.7214194661690336,0,0,0,370.5798078441478
767022,gfp_q25,0.4,ok,0.38425183296203613,168.91360691144706,262,0.6447084233261339,1.5008029937455076,2.239158502052399,0,0,0,827.1370667770567
767022,gfp_q25,0.5,ok,0.33586859703063965,159.54211663066954,236,0.6760259179265659,1.7498390445624628,3.569685620387287,0,0,1,830.081421833518
767022,gfp_q25,0.6,ok,0.3729822635650635,156.7386609071274,236,0.6641468682505399,1.75529650070519,3.6023135364314367,0,0,1,829.6342672044063
767022,gfp_q25,0.7,ok,0.3161616325378418,164.12095032397409,242,0.6781857451403888,1.781204469295587,3.571515667085455,0,0,1,829.2435595221991
767022,gfp_q25,0.8,ok,0.33324456214904785,164.12095032397409,242,0.6781857451403888,1.7815761492341462,3.5713136982225016,0,0,1,829.5803950255664
767022,gfp_q25,0.9,ok,0.32945942878723145,163.36933045356372,244,0.6695464362850972,1.7721506389414405,3.5604818643092098,0,0,1,830.2834664992633
767022,gfp_q75,0.4,ok,0.3442254066467285,213.8488120950324,296,0.7224622030237581,1.9925303110731118,2.242547739332498,0,0,0,556.9456106088109
767022,gfp_q75,0.5,ok,0.3233306407928467,136.2051835853132,231,0.5896328293736501,1.4628731491318807,3.5239616317793363,0,0,0,574.3034574869143
767022,gfp_q75,0.6,ok,0.40517568588256836,149.29805615550757,250,0.5971922246220303,1.4667013313633412,3.2460885255036778,0,0,0,566.7220690331302
767022,gfp_q75,0.7,ok,0.4483482837677002,147.3563714902808,249,0.591792656587473,1.4744445988444552,3.3247922585291505,0,0,0,569.8118171504781
767022,gfp_q75,0.8,ok,0.47388625144958496,153.79697624190064,258,0.5961123110151187,1.4668469539354687,3.2583711396449178,0,0,0,565.4474518736653
767022,gfp_q75,0.9,ok,0.5237658023834229,137.14470842332614,228,0.6015118790496761,1.497621828702735,3.558232997360995,0,0,0,572.1420128516096
782149,hcr_gfp,0.4,ok,0.3101937770843506,14.149888143176733,55,0.25727069351230425,1.5004859644587678,3.136007412259421,0,0,0,468.96400347604583
782149,hcr_gfp,0.5,ok,0.27225708961486816,14.287472035794185,53,0.2695749440715884,1.4933790869032504,2.9844453805285442,0,0,0,455.6703231716802
782149,hcr_gfp,0.6,ok,0.2660853862762451,14.772930648769576,47,0.3143176733780761,1.8047411021123736,3.111881552857491,0,0,0,475.2603003490208
782149,hcr_gfp,0.7,ok,0.31781530380249023,14.194630872483224,54,0.26286353467561524,1.5061012562694276,2.943678938630704,0,0,0,455.99251108980815
782149,hcr_gfp,0.8,ok,0.3274359703063965,16.16890380313199,59,0.2740492170022371,1.506280127473559,2.72226375095414,0,0,0,447.8806107152736
782149,hcr_gfp,0.9,ok,0.4172091484069824,14.83221476510067,52,0.28523489932885904,1.5534715081559414,2.7960875679205057,0,0,0,451.2529762225257
782149,gfp_dz+100,0.4,ok,0.3197293281555176,34.38255033557047,94,0.36577181208053694,1.8520568249339475,2.024806877278291,0,0,0,386.16228291679255
782149,gfp_dz+100,0.5,ok,0.31317710876464844,35.70469798657718,95,0.37583892617449666,1.82416041142104,1.9874851257013075,0,0,0,385.6692913067054
782149,gfp_dz+100,0.6,ok,0.33448052406311035,35.91387024608501,97,0.37024608501118567,1.82547822159493,1.9229249558636707,0,0,0,386.4122678206333
782149,gfp_dz+100,0.7,ok,0.332932710647583,35.73601789709172,98,0.36465324384787473,1.8272898027904438,1.9174507968351258,0,0,0,385.57815557877296
782149,gfp_dz+100,0.8,ok,0.36774778366088867,35.91387024608501,97,0.37024608501118567,1.8284286258857096,1.9290162256397692,0,0,0,386.10896271532454
782149,gfp_dz+100,0.9,ok,0.3847541809082031,35.17337807606264,95,0.37024608501118567,1.825949494305621,1.9325318635696351,0,0,0,386.853466348687
782149,gfp_dz-100,0.4,ok,0.30678749084472656,10.677852348993289,43,0.2483221476510067,1.5013921870291584,3.3015739363204584,0,0,0,542.3765758099395
782149,gfp_dz-100,0.5,ok,0.3786752223968506,33.47651006711409,86,0.38926174496644295,1.837166578033294,1.9400462764248454,0,0,0,470.0161715113723
782149,gfp_dz-100,0.6,ok,0.3733088970184326,34.45190156599553,88,0.39149888143176736,1.8268849549949178,1.9407734021554983,0,0,0,471.5132833802255
782149,gfp_dz-100,0.7,ok,0.3686404228210449,35.72818791946309,91,0.3926174496644295,1.8201234321225157,1.9339213367481713,0,0,0,470.5943900858714
782149,gfp_dz-100,0.8,ok,0.3546004295349121,35.52460850111857,91,0.39038031319910516,1.8078499954744418,1.9118879049135598,0,0,0,469.73699197442033
782149,gfp_dz-100,0.9,ok,0.378861665725708,35.335570469798654,90,0.3926174496644295,1.7996260846339618,1.9139507233994588,0,0,0,468.1583229037844
782149,gfp_dz+200,0.4,ok,0.2669215202331543,25.14988814317673,73,0.34451901565995524,1.8669095302101715,2.4883478681552154,0,0,0,377.096113093352
782149,gfp_dz+200,0.5,ok,0.22049498558044434,26.426174496644293,75,0.3523489932885906,1.8716446886601814,2.473120456964848,0,0,0,378.8539120842622
782149,gfp_dz+200,0.6,ok,0.2708449363708496,27.09731543624161,75,0.36129753914988816,1.8735923052051642,2.255581251891414,0,0,0,379.90845173934946
782149,gfp_dz+200,0.7,ok,0.2413465976715088,26.845637583892618,75,0.3579418344519016,1.8890824657038858,2.6008543709285736,0,0,0,378.8004902944617
782149,gfp_dz+200,0.8,ok,0.21970176696777344,21.473154362416107,79,0.27181208053691275,1.423642319283311,2.4308718883809948,0,0,0,370.38574673831084
782149,gfp_dz+200,0.9,ok,0.23682951927185059,21.11409395973154,78,0.27069351230425054,1.4327679538487876,2.502979624845613,0,0,0,371.44985751714
782149,gfp_q25,0.4,ok,0.32266807556152344,35.304250559284114,86,0.4105145413870246,1.8643830395069445,2.3968433003250924,0,0,0,1163.1000409734722
782149,gfp_q25,0.5,ok,0.30829548835754395,37.033557046979865,89,0.4161073825503356,1.8923925519578264,2.402130878367513,0,0,0,1162.1853257989071
782149,gfp_q25,0.6,ok,0.3615379333496094,32.56040268456376,93,0.35011185682326623,1.497032812564942,1.9334485102823815,0,0,0,1149.8509596942188
782149,gfp_q25,0.7,ok,0.37522029876708984,39.619686800894854,92,0.4306487695749441,1.95965304764536,2.378270088467734,0,0,0,1162.3741327059613
782149,gfp_q25,0.8,ok,0.3679234981536865,38.98545861297539,91,0.42841163310961966,1.9622719467037564,2.379888638250469,0,0,0,1163.6712574995076
782149,gfp_q25,0.9,ok,0.3334052562713623,38.725950782997764,89,0.43512304250559286,1.9630486051688134,2.35931370366197,0,0,0,1165.5690047449941
782149,gfp_q75,0.4,ok,0.2887136936187744,16.303131991051455,55,0.29642058165548096,1.8620280532808084,2.2762108875061178,0,0,0,474.11746948950776
782149,gfp_q75,0.5,ok,0.3111536502838135,16.672259507829978,55,0.30313199105145416,1.888517677521612,2.1477252000013842,0,0,0,459.03851598081445
782149,gfp_q75,0.6,ok,0.3299410343170166,18.040268456375838,64,0.28187919463087246,1.6532909715147959,1.9213374789620223,0,0,0,462.37449891962837
782149,gfp_q75,0.7,ok,0.3164243698120117,19.46308724832215,58,0.33557046979865773,1.9478755430486845,2.0046934481450776,0,0,0,453.39625386834194
782149,gfp_q75,0.8,ok,0.30563855171203613,22.07829977628635,71,0.31096196868008946,1.8545618167567857,1.9810956997018727,0,0,0,460.22952397748764
782149,gfp_q75,0.9,ok,0.29361486434936523,22.15771812080537,71,0.31208053691275167,1.8578490839953998,1.9936063675865048,0,0,0,460.4916556515599
790322,hcr_gfp,0.4,ok,0.4251978397369385,100.07086614173228,179,0.5590551181102362,1.5722245597678213,2.7116141306430954,0,95,656,73.80075324725999
790322,hcr_gfp,0.5,ok,0.4935441017150879,103.80708661417323,187,0.5551181102362205,1.5544555467987875,2.835939711694655,0,126,693,69.930967852935
790322,hcr_gfp,0.6,ok,0.45319485664367676,122.87893700787403,203,0.6053149606299213,1.821386336762576,2.1396216476465155,0,53,448,91.77297387357694
790322,hcr_gfp,0.7,ok,0.4334290027618408,99.92125984251969,180,0.5551181102362205,1.603709104194085,2.91138125007005,0,123,736,66.44885784646524
790322,hcr_gfp,0.8,ok,0.4386634826660156,144.17716535433073,234,0.6161417322834646,1.7881330946751137,3.3158385598420543,1,279,676,62.157925809048024
790322,hcr_gfp,0.9,ok,0.4073333740234375,128.15649606299212,209,0.6131889763779528,1.824564757732687,2.1562838142348992,0,58,455,90.83571971301451
790322,gfp_dz+100,0.4,ok,0.36121344566345215,123.00787401574803,214,0.5748031496062992,1.7479750453553542,2.251545780874543,0,156,370,106.31095735330581
790322,gfp_dz+100,0.5,ok,0.35155487060546875,129.05905511811022,223,0.5787401574803149,1.7486398685282272,2.247525241091486,0,174,369,105.47304305661481
790322,gfp_dz+100,0.6,ok,0.3255503177642822,127.03149606299212,221,0.5748031496062992,1.748515365251822,2.2462988038927043,0,173,367,105.74915368302527
790322,gfp_dz+100,0.7,ok,0.40290260314941406,129.41732283464566,224,0.577755905511811,1.7507578103040098,2.245910104119468,0,172,368,105.10128655250392
790322,gfp_dz+100,0.8,ok,0.35977840423583984,128.91732283464566,222,0.5807086614173228,1.75726148124112,2.2428040356340992,0,171,367,105.77160233172907
790322,gfp_dz+100,0.9,ok,0.5132944583892822,128.48031496062993,222,0.5787401574803149,1.7617953795684382,2.2463829483775184,0,172,370,105.10391689976157
790322,gfp_dz-100,0.4,ok,0.5722010135650635,107.43110236220471,185,0.5807086614173228,1.7934623216396632,2.403551293338473,0,8,232,126.26959547587731
790322,gfp_dz-100,0.5,ok,0.5745899677276611,73.19389763779527,139,0.5265748031496063,1.7478669863843332,3.729571006452093,0,18,200,150.7147997809965
790322,gfp_dz-100,0.6,ok,0.6309170722961426,109.55216535433071,197,0.5561023622047244,1.7002235653571462,2.357503152139778,0,15,261,126.81650633430158
790322,gfp_dz-100,0.7,ok,0.5525875091552734,110.43307086614173,200,0.5521653543307087,1.711739162075653,2.2981495234802676,0,13,275,125.15117602809525
790322,gfp_dz-100,0.8,ok,0.5571444034576416,113.17125984251967,191,0.59251968503937,1.8323902656828248,2.3658172302394025,0,6,227,127.24008436529165
790322,gfp_dz-100,0.9,ok,0.5698094367980957,118.75,190,0.625,1.9355365676052805,2.447053368712974,0,5,195,130.7021294663229
790322,gfp_dz+200,0.4,ok,0.30855369567871094,82.14173228346456,163,0.5039370078740157,1.7731177902859274,3.2788488287236244,0,0,0,180.367570257689
790322,gfp_dz+200,0.5,ok,0.2892491817474365,81.33956692913385,163,0.49901574803149606,1.778293788656009,3.284689094429194,0,0,0,180.8045105391723
790322,gfp_dz+200,0.6,ok,0.30536770820617676,82.16141732283465,164,0.5009842519685039,1.7724268367075986,3.28064529767314,0,0,0,181.31282840098885
790322,gfp_dz+200,0.7,ok,0.39229297637939453,86.34153543307086,171,0.5049212598425197,1.7914098492697657,3.280989465438497,0,0,0,181.1300670063402
790322,gfp_dz+200,0.8,ok,0.345538854598999,86.33858267716535,170,0.5078740157480315,1.799620424083749,3.2724407097280888,0,0,0,181.82867461130644
790322,gfp_dz+200,0.9,ok,0.3333709239959717,84.97933070866141,167,0.5088582677165354,1.810393102671521,3.262113499053968,0,0,0,182.5229746304768
790322,gfp_q25,0.4,ok,0.5680725574493408,81.37795275590551,156,0.5216535433070866,1.8664766764305936,2.549858071312766,0,0,0,804.16501016506
790322,gfp_q25,0.5,ok,0.5700550079345703,85.47244094488188,167,0.5118110236220472,1.8561036432362659,2.5609918814421566,0,0,0,801.3695531840658
790322,gfp_q25,0.6,ok,0.5528302192687988,76.21062992125984,145,0.5255905511811023,1.7897836406595125,3.2427829347380657,0,0,0,802.5520293969785
790322,gfp_q25,0.7,ok,0.6824812889099121,80.35433070866141,157,0.5118110236220472,1.8509300140707743,2.5870493683852436,0,0,0,800.9548697592721
790322,gfp_q25,0.8,ok,0.6486766338348389,78.30708661417323,153,0.5118110236220472,1.8558292356533048,2.5765851455859488,0,0,0,800.478709402375
790322,gfp_q25,0.9,ok,0.6105389595031738,78.06102362204724,154,0.5068897637795275,1.8686152217565923,2.574590362801678,0,0,0,800.7611693263206
790322,gfp_q75,0.4,ok,0.35326671600341797,61.63582677165354,142,0.4340551181102362,1.558628622581867,3.094993881494953,0,0,0,828.0262002812665
790322,gfp_q75,0.5,ok,0.5637388229370117,62.79625984251968,139,0.45177165354330706,1.6375466207762353,2.4779774114396127,0,0,0,830.7457256635873
790322,gfp_q75,0.6,ok,0.3968505859375,72.5,145,0.5,1.8778783099265297,2.8795538490452426,0,0,0,822.2843701290819
790322,gfp_q75,0.7,ok,0.4059016704559326,76.18503937007874,148,0.514763779527559,1.9999171064681707,2.9714102358021406,0,0,0,823.5728013281184
790322,gfp_q75,0.8,ok,0.5111117362976074,62.509842519685044,145,0.4311023622047244,1.6066528101241557,3.0447617900717456,0,0,0,824.3568191843406
790322,gfp_q75,0.9,ok,0.5028376579284668,73.67125984251969,150,0.4911417322834646,1.8919471213667536,2.8127382583576424,0,0,0,823.6525415380979
